SKU;Faturamento
8.09.02.133.01;1100213.11
8.25.02.04.06;1086690.53
8.09.02.97.01;802722.76
8.09.28.78.01;630263.66
8.09.02.14.10;575115.04
8.09.03.77.01;548390.49
8.09.02.135.10;492398.66
8.03.02.47.01;430459.33
8.09.02.131.01;425088.42
8.09.02.130.01;418527.48
8.09.02.134.01;368876.01
8.09.24.01.01;357992.7
8.09.02.132.10;322574.42
8.09.28.79.01;315070.85
8.09.02.115.01;301560.49
7.10.49.01.20;293104.2
8.03.02.30.01;263502.01
8.09.02.102.27;231418.36
8.09.02.13.57;227047.93
8.09.02.129.10;183156.28
8.07.03.16.01;183033.07
8.04.02.07.106;177576.65
8.09.23.74.01;170355.37
8.09.23.72.01;165315.27
8.09.76.62.01;154146.95
8.07.02.04.01;153167.3
8.09.23.73.10;153154.9
11.09.183.01.00;150000.0
8.09.39.24.18;143682.1
8.09.04.96.01;138699.86
8.06.02.01.80;129965.9
8.25.02.36.06;128197.1
8.04.61.10.10;117682.77
24.25.49.04.06;116939.54
8.07.02.47.80;116456.88
8.01.28.21.00;114878.89
8.09.01.10.01;113327.3
8.25.02.38.06;107459.17
8.07.23.18.01;105929.77
8.09.01.08.01;101591.5
8.06.02.03.80;101447.5
8.09.76.10.10;100748.14
8.04.02.11.12;98991.55
8.07.23.23.01;95251.1
8.07.02.05.01;91629.98
21.14.50.666.00;87142.05
8.04.61.09.10;84108.39
8.07.02.01.01;83931.55
8.09.28.67.18;80867.33
21.14.50.484.00;79399.69
8.09.01.04.10;77748.01
8.09.04.128.01;77338.5
21.14.50.664.00;76086.08
24.51.159.32.10;75928.34
8.09.02.96.106;74661.85
8.07.02.46.01;74061.72
24.54.65.36.00;73758.9
8.30.04.01.57;72471.98
8.09.01.13.01;72324.81
8.25.02.37.06;72288.26
8.04.03.25.18;70554.41
8.09.02.123.10;70397.74
8.09.76.61.10;69027.78
8.03.02.21.01;65225.12
8.03.02.31.11;65140.46
8.09.39.25.01;64896.66
8.09.02.98.106;64745.1
24.11.175.176.06;64602.78
8.07.04.49.01;64255.45
8.06.04.14.18;63099.9
8.09.01.11.10;61688.76
24.25.49.02.10;61402.26
8.01.01.11.27;61073.21
8.12.01.18.06;60815.62
8.07.04.40.01;60521.87
8.09.01.03.01;58058.64
8.09.04.94.07;57882.75
8.09.02.112.01;57863.1
24.25.49.17.01;57598.16
8.01.28.15.06;56365.34
8.09.76.36.01;54667.59
8.04.03.14.07;52978.7
24.10.159.314.00;52698.98
21.14.50.28.00;52153.51
8.01.01.13.10;51777.94
8.09.02.104.10;51335.5
8.09.02.12.10;50597.37
21.14.50.809.00;50153.0
8.07.02.09.01;50048.7
8.05.02.10.10;49351.5
8.03.28.29.01;46548.75
8.25.01.03.01;45867.57
24.55.66.285.00;45522.41
8.09.03.92.10;45426.12
24.25.49.03.06;42900.55
8.09.23.77.01;42640.05
6.30.162.06.06;42351.69
8.09.76.53.10;41405.17
21.14.50.269.00;41392.77
24.11.175.90.06;40943.65
8.09.04.110.01;40260.15
8.06.02.06.12;40220.8
8.07.76.11.10;40216.8
21.14.50.461.00;39828.05
24.52.66.380.00;39503.08
24.10.159.60.00;39003.82
8.09.28.68.01;38723.77
24.54.66.304.00;38469.14
8.03.01.08.27;38126.46
8.07.01.35.01;38058.31
8.06.04.10.10;38049.76
21.14.50.668.00;37558.99
8.09.76.63.18;37043.62
21.14.175.34.06;36733.02
8.07.03.15.10;36277.6
21.14.50.120.00;36212.11
8.09.76.48.10;36157.4
21.14.50.479.00;35234.94
8.04.01.14.01;34813.24
24.25.49.06.00;34730.8
8.09.02.16.57;34570.5
8.07.76.12.01;34334.39
8.09.76.47.07;33886.7
8.01.01.14.11;33738.86
8.09.76.46.01;32909.4
8.09.76.44.10;31944.96
7.10.49.02.20;31030.49
8.09.02.95.01;30990.6
8.04.01.07.50;30775.21
8.04.03.13.10;30153.13
21.14.50.483.00;29803.78
24.53.66.14.00;29783.01
8.07.04.53.01;29781.1
8.09.76.25.10;29551.5
8.09.141.01.00;29296.32
8.09.04.109.57;29062.11
8.01.28.24.95;28602.29
8.01.182.02.10;28239.08
8.09.76.20.01;27937.73
8.05.23.01.11;27846.52
8.11.01.02.10;27818.66
24.55.66.537.00;27627.62
24.25.49.01.10;27288.28
8.30.39.01.11;27178.48
8.07.04.52.01;27152.12
8.09.04.95.10;27122.02
8.13.33.03.00;26885.74
24.11.175.42.00;26680.41
8.06.02.04.06;26052.7
21.14.50.464.00;25966.51
8.06.02.07.12;25850.81
24.11.175.45.00;25124.25
8.04.04.13.06;25115.3
8.05.02.14.12;24844.75
8.67.33.02.00;24838.86
8.09.02.74.01;24813.6
8.09.28.77.01;24643.82
8.04.01.11.27;24531.31
21.14.50.487.00;24486.61
8.09.01.07.10;24463.45
8.24.23.47.10;24394.39
21.14.50.30.00;24290.15
8.09.76.64.07;24200.19
8.12.01.07.06;23778.41
8.07.23.15.01;23744.63
8.04.23.16.01;23631.92
8.09.76.77.10;23629.58
8.04.04.10.10;23392.82
8.04.03.21.10;23229.9
8.08.04.01.01;22935.08
8.03.01.09.01;22872.42
8.09.03.110.18;22684.9
8.11.01.01.01;22622.87
24.11.175.92.57;22575.55
8.09.04.127.01;22452.29
8.67.103.01.10;22391.1
24.11.175.77.06;22367.79
8.09.02.83.76;22325.45
8.09.01.102.57;22233.31
6.30.162.07.08;22204.8
8.09.01.01.01;21768.96
8.09.76.45.10;21666.35
8.03.76.07.01;21204.3
8.12.01.19.01;21175.97
8.01.28.08.06;21164.53
21.14.50.34.00;21058.32
8.03.01.10.10;21055.49
8.09.23.67.01;21015.53
8.09.01.02.10;20862.85
21.14.50.806.00;20700.44
8.09.76.37.11;20395.8
8.04.03.11.00;20350.96
24.55.66.523.00;20314.7
8.01.28.23.18;20287.92
24.69.163.80.00;20245.57
8.09.76.76.01;19995.0
24.25.49.10.00;19919.96
8.09.28.71.01;19740.09
21.14.50.485.00;19710.23
8.05.04.01.18;19631.76
21.14.50.15.00;19477.03
8.09.04.119.01;19424.4
8.04.04.11.10;19093.9
8.07.01.32.01;19008.34
8.09.04.116.01;18622.41
8.60.171.08.07;18599.55
24.25.49.08.06;18322.7
8.04.03.10.10;18194.68
8.03.02.28.01;18175.6
8.01.28.22.07;18175.4
8.06.02.08.12;18070.3
8.04.04.12.06;18061.02
8.04.02.08.01;18038.24
8.03.02.29.10;18009.35
24.11.175.79.57;17981.58
8.07.04.50.10;17829.45
8.07.76.02.10;17796.0
8.08.01.01.01;17791.53
24.54.66.140.00;17711.02
8.13.33.02.00;17599.3
8.09.76.84.10;17595.9
8.09.76.43.01;17549.98
8.03.28.31.18;17515.2
8.04.03.28.18;17483.56
8.09.04.97.18;17391.83
8.09.76.06.01;17279.69
8.09.39.18.01;17084.3
8.07.76.03.01;16949.27
8.07.23.17.01;16839.04
8.01.39.08.06;16736.43
8.12.01.15.01;16569.79
6.30.162.03.11;16478.88
8.09.161.01.10;16218.9
21.14.46.97.06;16214.38
8.03.02.34.01;16114.95
8.09.76.07.10;16051.9
8.09.01.101.27;15923.58
24.52.66.390.06;15759.51
8.04.77.03.10;15734.54
24.11.175.91.01;15675.86
8.01.28.18.10;15542.57
8.07.76.18.10;15520.0
21.14.50.452.00;15479.74
21.16.50.09.00;15379.72
24.25.49.09.00;15373.76
8.09.23.59.01;15156.11
8.04.23.04.27;15045.53
8.09.23.81.01;14744.0
8.09.23.62.01;14724.45
8.01.28.10.06;14714.55
8.01.01.16.18;14592.72
8.03.03.18.18;14534.53
8.01.39.11.18;14491.57
24.57.159.07.00;14457.67
24.10.159.278.00;14171.48
8.07.103.05.01;13952.0
24.69.163.85.00;13927.76
8.09.03.115.01;13918.9
8.09.01.14.10;13915.5
21.14.50.481.00;13865.0
21.14.50.121.00;13862.56
8.03.02.32.10;13675.1
24.69.163.70.00;13673.82
8.05.70.02.10;13658.6
8.09.01.100.83;13543.08
8.07.39.11.01;13497.6
8.60.171.12.10;13443.53
24.11.175.85.01;13399.73
24.70.159.02.06;13381.1
24.70.159.05.01;13276.78
8.67.103.02.07;13244.49
21.14.175.15.06;13236.38
8.09.01.97.01;13210.49
24.52.66.372.00;13197.95
8.07.01.33.01;13139.81
6.28.25.153.01;13047.8
24.11.159.33.00;12878.21
8.05.02.05.80;12688.85
21.14.50.123.00;12531.7
8.04.23.14.10;12519.82
8.07.02.02.01;12415.4
8.09.03.109.18;12366.82
8.05.02.13.12;12335.94
8.04.61.02.10;12227.8
8.07.01.01.01;12182.21
8.13.33.11.69;12104.71
21.14.50.49.00;12099.69
21.14.50.124.00;12028.96
8.04.03.20.18;11994.08
8.09.03.113.01;11974.43
8.01.01.17.10;11898.61
8.11.01.03.01;11869.88
8.01.01.15.18;11733.47
8.07.28.14.01;11709.3
8.04.03.19.07;11678.99
8.07.76.16.01;11603.86
24.52.159.54.01;11506.31
24.11.175.87.57;11409.22
24.11.175.13.01;11334.35
8.09.04.115.01;11287.33
24.53.66.137.00;11127.8
8.04.23.12.10;11088.15
24.25.49.19.11;10972.07
24.11.175.31.01;10958.82
8.07.23.05.27;10938.52
24.55.66.527.00;10934.77
8.07.76.13.01;10902.49
8.04.23.17.10;10885.95
24.57.66.28.00;10861.65
8.03.01.03.18;10817.99
8.09.02.92.00;10649.68
24.54.159.51.10;10632.59
8.04.61.01.10;10611.9
8.06.04.09.06;10568.85
8.04.23.15.01;10516.85
8.09.23.63.10;10516.2
24.25.49.05.00;10515.35
24.10.159.210.60;10510.48
8.09.04.19.18;10455.2
24.55.66.522.00;10450.5
8.09.03.122.10;10439.4
21.14.50.61.00;10396.81
8.06.04.06.10;10393.32
8.09.04.130.57;10385.81
24.25.49.16.01;10377.11
24.56.66.33.00;10221.45
8.03.03.16.01;10202.86
8.06.04.07.06;10147.8
8.67.33.01.07;10091.64
8.04.01.15.10;10087.9
8.25.39.01.06;9982.78
24.55.66.525.00;9978.72
8.03.76.06.01;9956.61
8.09.04.83.10;9915.04
8.07.01.34.27;9887.59
8.07.76.08.01;9870.1
21.14.46.158.00;9829.0
8.09.76.69.10;9820.09
8.07.04.51.10;9806.6
8.04.04.14.06;9781.37
21.14.50.07.00;9760.47
8.04.76.07.01;9691.7
24.53.66.135.00;9677.12
8.04.01.69.01;9526.8
8.01.182.01.10;9423.54
8.09.02.07.10;9403.35
8.07.04.55.01;9376.62
8.04.04.15.18;9299.23
24.56.66.64.00;9290.72
8.60.171.09.06;9272.0
24.56.66.321.06;9135.36
8.04.03.23.18;9006.12
8.09.03.93.01;8960.36
8.09.01.12.01;8947.9
24.51.159.17.07;8929.6
24.11.175.174.06;8913.5
24.10.159.274.00;8911.04
21.14.50.272.00;8908.5
8.06.04.12.10;8883.32
8.08.01.24.01;8879.89
21.14.46.369.12;8837.12
21.14.50.118.00;8742.24
24.11.175.49.57;8694.78
8.09.23.68.10;8673.08
24.50.66.772.05;8657.24
8.09.03.120.01;8641.92
24.57.159.14.01;8605.45
8.09.04.114.01;8559.4
21.14.46.310.01;8498.0
8.01.39.02.06;8422.9
8.09.04.101.01;8389.05
8.09.28.69.00;8388.3
8.07.23.16.10;8368.29
8.09.28.80.12;8360.0
8.07.04.02.01;8359.2
8.06.39.27.10;8323.36
8.09.76.73.01;8316.6
8.09.01.09.01;8313.05
24.54.66.100.01;8311.26
8.09.53.43.01;8297.8
8.09.02.02.01;8275.6
21.14.46.396.12;8255.44
8.01.39.12.07;8235.0
8.09.03.81.07;8229.0
24.57.159.06.04;8220.09
8.09.76.67.18;8189.7
24.57.66.229.00;8188.54
24.11.175.130.06;8150.57
24.56.66.589.10;8121.65
8.03.02.27.10;8103.28
8.04.02.10.11;8069.08
24.11.175.80.57;8010.46
8.30.33.05.00;7982.51
24.54.159.38.00;7974.57
24.54.66.382.00;7959.67
24.11.175.37.06;7953.24
8.13.33.01.00;7936.89
8.09.01.86.10;7935.2
8.25.01.40.01;7882.75
21.14.50.486.00;7877.02
24.55.159.59.00;7861.45
8.09.04.106.18;7854.99
8.24.53.30.07;7814.62
24.54.66.318.00;7808.52
24.56.159.130.00;7804.62
8.09.02.101.27;7797.4
8.09.03.02.10;7788.95
8.09.04.113.10;7770.5
8.07.76.20.10;7760.0
24.11.175.17.01;7737.57
8.09.04.75.68;7726.6
8.04.23.13.07;7715.9
24.55.66.539.00;7700.41
24.11.175.11.06;7679.1
24.10.159.296.08;7661.93
8.08.01.25.27;7660.17
24.10.159.294.08;7598.93
21.14.50.463.00;7582.43
24.56.66.483.00;7575.41
8.09.01.05.01;7571.81
8.09.76.83.10;7541.1
8.04.76.02.10;7514.8
24.11.175.78.01;7511.57
24.57.66.679.00;7487.02
8.08.04.02.10;7483.98
8.01.47.03.10;7474.46
8.04.23.10.07;7412.6
8.06.04.05.57;7401.57
8.07.76.10.01;7384.7
24.10.159.277.00;7357.54
8.60.171.11.18;7322.55
21.14.50.833.00;7306.58
24.56.66.42.04;7225.82
24.10.159.371.01;7191.75
21.14.175.21.01;7185.3
24.11.175.172.06;7183.95
8.09.01.103.27;7182.46
21.14.50.499.00;7123.22
8.06.39.26.18;7109.45
8.07.03.20.47;7086.82
24.10.132.01.06;7073.36
24.11.175.84.06;7067.3
8.09.76.85.57;7036.0
8.03.03.15.10;7016.73
8.04.04.05.07;7006.2
24.10.159.300.00;6946.58
24.11.175.152.57;6935.8
8.07.04.44.01;6934.31
24.11.175.162.06;6918.49
8.06.01.05.27;6892.12
24.51.159.06.06;6886.98
8.01.01.12.24;6884.51
8.60.171.07.16;6869.15
8.27.04.01.07;6863.67
24.10.159.391.57;6861.2
8.24.169.03.11;6858.82
24.57.159.15.00;6805.79
21.14.50.480.00;6785.3
24.11.175.93.57;6748.22
8.09.04.67.10;6721.6
24.57.159.08.04;6709.35
24.57.159.09.00;6696.86
8.07.23.21.01;6696.8
8.07.76.14.07;6676.13
8.12.01.14.01;6649.18
8.25.01.41.06;6636.76
24.57.159.13.00;6624.81
24.11.175.15.06;6611.32
8.06.23.07.01;6598.37
8.02.02.04.01;6596.7
24.56.159.70.06;6577.3
24.52.159.100.76;6573.48
8.06.04.08.10;6538.73
24.57.66.709.00;6516.32
24.11.175.155.57;6498.13
8.25.02.06.06;6479.02
24.10.159.318.00;6465.54
21.14.50.84.00;6455.2
24.25.49.07.06;6452.26
21.14.50.37.00;6447.32
8.09.23.64.01;6409.71
21.16.50.07.00;6398.86
8.09.23.78.10;6398.4
8.09.39.28.18;6397.3
8.02.18.03.00;6376.9
24.51.159.25.00;6376.03
8.08.04.03.10;6278.13
21.14.50.271.00;6272.97
8.30.33.08.00;6233.26
8.05.01.13.27;6232.11
8.09.73.10.00;6198.0
8.07.04.25.47;6195.81
8.09.04.64.01;6191.47
8.09.03.123.01;6152.9
8.07.32.07.08;6148.7
24.10.159.319.00;6131.56
8.03.02.24.01;6117.6
24.10.132.02.01;6112.38
24.52.66.44.00;6070.04
24.54.66.319.00;6069.06
8.09.76.60.10;5999.0
8.09.76.59.10;5999.0
8.09.04.120.10;5990.52
8.09.03.100.01;5962.65
24.55.66.533.04;5959.2
8.04.04.04.10;5958.3
8.09.23.50.27;5957.6
8.30.33.28.00;5954.82
24.53.66.37.00;5952.06
24.10.159.333.00;5943.58
8.08.23.04.01;5931.97
24.70.159.04.06;5926.8
24.11.175.171.57;5925.32
24.10.159.347.07;5879.03
24.50.66.212.05;5838.68
24.10.159.401.01;5813.83
8.09.04.129.01;5810.22
24.11.159.49.00;5790.81
8.02.23.01.00;5781.81
8.09.04.102.10;5781.15
24.55.66.530.00;5758.91
24.11.159.76.00;5750.18
8.06.01.06.18;5722.65
21.14.50.482.00;5708.38
24.55.66.15.00;5684.3
8.07.23.01.18;5680.01
8.24.58.23.06;5676.99
8.25.02.35.06;5668.72
8.09.02.18.01;5663.65
24.70.159.15.57;5654.0
24.54.159.19.00;5616.38
24.11.159.91.00;5613.52
8.01.39.09.18;5607.15
8.12.01.01.10;5557.36
8.07.03.12.58;5540.11
24.56.159.136.00;5538.9
24.56.66.38.00;5523.9
21.14.50.454.00;5486.25
21.14.50.122.00;5440.49
24.11.175.156.57;5433.97
8.24.53.29.00;5420.56
8.30.33.32.00;5420.41
8.03.23.03.57;5396.19
24.10.159.392.57;5386.79
21.14.50.706.00;5365.88
6.28.60.17.18;5364.19
8.07.04.22.18;5345.7
8.09.02.83.01;5344.2
24.55.66.135.00;5334.81
8.08.02.01.10;5313.6
8.07.04.54.10;5298.65
8.09.76.70.07;5277.0
24.56.66.43.04;5274.58
8.09.01.96.35;5264.7
8.06.03.15.10;5251.43
24.10.159.321.00;5244.42
6.28.60.05.115;5241.35
24.50.66.413.00;5217.13
24.55.66.296.00;5169.11
8.09.76.24.11;5128.1
24.52.66.317.00;5115.59
8.09.76.74.07;5112.0
8.07.04.32.01;5103.7
24.11.175.53.57;5093.0
24.11.175.33.06;5078.28
8.06.103.03.57;5077.54
8.12.01.23.06;5072.97
24.69.163.73.00;5071.12
24.11.175.159.57;5068.45
24.11.175.44.00;5062.72
24.50.66.769.05;5047.36
24.11.175.50.57;5045.22
8.06.103.06.57;5041.73
24.54.159.21.00;5024.32
24.10.159.372.01;5016.19
8.09.23.43.27;5013.99
6.28.60.26.08;5006.19
24.52.159.71.00;4992.33
24.55.66.520.00;4974.9
21.14.46.402.12;4972.54
8.09.76.28.01;4961.8
21.14.175.37.57;4955.28
24.11.175.47.57;4953.4
8.07.04.41.01;4910.6
21.14.50.36.00;4909.6
24.10.159.286.01;4882.42
24.56.159.117.07;4846.44
6.30.162.04.18;4835.04
24.52.66.428.00;4816.12
8.03.04.62.10;4812.9
24.57.66.236.00;4803.75
24.10.159.390.00;4795.0
8.09.04.121.10;4771.6
24.50.66.711.00;4767.3
24.52.159.90.00;4762.14
21.14.50.465.00;4756.85
8.25.01.18.06;4745.06
24.11.159.82.04;4741.64
8.60.171.10.18;4730.6
21.14.50.491.00;4721.65
8.05.61.27.10;4695.9
8.13.33.10.69;4693.01
24.54.66.369.00;4676.76
8.09.01.27.35;4672.81
8.12.01.02.06;4671.31
24.54.66.361.00;4660.13
24.57.66.457.00;4657.74
21.14.50.1363.57;4656.57
8.25.01.04.01;4646.56
8.09.39.27.01;4623.15
6.28.60.14.72;4609.0
8.07.01.02.01;4595.88
6.30.162.05.11;4588.38
24.10.159.157.00;4560.9
8.06.54.01.01;4560.41
8.03.04.61.18;4560.0
8.13.33.06.00;4559.94
8.05.02.09.18;4546.31
24.11.159.98.00;4545.89
24.56.159.81.06;4539.86
21.14.46.248.06;4539.5
8.09.01.89.01;4529.7
8.09.76.71.07;4519.7
8.30.33.29.00;4513.61
24.52.66.79.00;4487.94
24.52.66.52.00;4486.92
21.14.50.1080.00;4471.15
24.50.66.758.00;4468.49
24.54.159.25.00;4454.74
24.11.159.39.00;4426.92
21.14.46.32.06;4418.82
8.07.76.17.08;4413.82
8.30.33.54.00;4413.0
24.11.175.09.01;4412.1
8.07.103.06.01;4408.9
8.05.04.02.07;4402.4
24.56.66.34.00;4394.77
21.40.175.01.01;4392.09
24.57.66.599.00;4385.38
8.07.76.15.07;4380.1
24.11.175.29.06;4378.3
24.10.159.266.00;4377.4
8.06.01.08.11;4355.6
6.28.60.07.110;4347.5
8.04.04.16.07;4346.3
21.40.50.57.00;4346.27
24.50.66.137.00;4343.6
8.09.02.86.76;4339.9
8.05.53.06.00;4326.3
8.03.01.11.10;4298.15
24.57.66.355.08;4288.94
24.52.66.194.04;4274.23
24.52.159.53.00;4267.24
24.10.159.304.00;4262.5
8.12.01.10.06;4254.78
21.16.50.01.00;4244.89
8.03.04.43.01;4237.6
21.14.50.1013.00;4211.9
8.67.23.02.18;4210.5
24.11.175.158.57;4210.31
24.54.66.84.00;4202.92
8.04.01.01.10;4190.82
24.53.163.169.00;4172.4
8.09.76.68.07;4157.7
24.52.159.56.06;4143.13
8.30.53.54.00;4133.92
8.24.91.02.00;4133.9
24.69.163.45.00;4133.85
24.11.159.95.00;4123.73
21.14.46.362.06;4121.64
21.14.46.398.12;4121.64
8.05.01.12.00;4105.3
8.04.01.16.10;4087.9
24.52.66.67.00;4079.22
8.06.01.07.01;4077.6
8.09.04.98.08;4074.31
24.69.163.31.00;4037.3
24.68.174.28.00;4023.11
8.09.04.123.01;3999.5
24.57.66.493.00;3998.66
8.01.39.10.07;3997.93
8.09.73.19.01;3990.0
24.10.159.158.01;3986.95
8.02.23.03.01;3985.0
24.54.66.101.00;3978.09
8.09.04.71.68;3969.8
8.09.93.02.01;3966.0
21.40.50.58.00;3961.11
8.09.03.112.10;3959.4
8.04.03.27.10;3958.3
8.09.03.124.01;3947.7
6.28.59.08.11;3941.47
24.54.66.320.00;3941.26
8.09.04.70.68;3939.8
8.25.101.05.11;3926.61
8.09.03.119.10;3919.7
24.11.175.194.00;3908.3
24.54.66.360.00;3904.42
8.06.23.08.11;3897.0
24.56.66.60.04;3896.65
8.07.76.19.11;3880.0
8.01.74.17.10;3869.2
8.30.33.52.00;3850.41
6.28.59.07.08;3849.2
21.14.46.209.00;3844.1
21.14.50.466.00;3824.48
24.52.159.28.00;3820.28
8.04.04.17.01;3803.83
6.28.60.08.70;3803.19
8.07.23.19.01;3796.9
24.54.159.74.00;3796.36
21.14.50.1053.00;3793.8
6.28.25.152.01;3790.9
24.10.159.464.18;3789.5
8.06.01.01.08;3779.6
24.10.159.374.01;3768.92
24.57.163.07.00;3757.16
8.25.47.115.06;3740.3
8.25.02.07.01;3732.64
24.11.159.99.00;3731.92
24.70.159.03.01;3726.19
8.01.23.01.10;3719.5
24.57.66.186.00;3712.6
21.14.50.1052.00;3707.02
24.11.175.14.10;3704.34
8.09.68.04.76;3699.0
8.09.39.29.57;3696.96
24.56.159.118.07;3690.38
8.30.74.01.01;3674.57
24.52.159.21.00;3672.44
24.71.159.09.00;3664.18
24.11.175.192.00;3662.6
24.52.66.391.01;3629.54
8.07.103.09.01;3618.34
24.10.159.360.00;3616.48
8.07.32.41.00;3614.42
8.05.33.03.18;3609.28
24.11.175.115.10;3590.3
8.01.57.02.10;3583.52
24.52.66.200.01;3581.95
8.09.28.82.01;3580.01
24.55.159.61.20;3577.26
24.54.66.385.07;3576.8
8.09.04.111.10;3570.7
24.50.66.11.00;3570.45
8.06.23.10.01;3565.6
24.56.159.126.00;3563.82
8.09.02.72.01;3559.9
24.57.66.24.00;3553.35
21.14.50.1049.00;3552.55
24.10.159.285.00;3548.25
24.57.66.668.00;3539.0
24.55.66.518.00;3518.09
21.14.46.52.01;3512.42
24.50.66.757.00;3509.03
8.07.23.24.01;3500.9
24.51.159.09.06;3500.17
24.54.66.05.00;3485.69
24.56.66.162.00;3476.71
8.30.33.30.00;3473.38
8.24.91.03.00;3464.01
21.14.50.492.00;3463.11
24.54.66.230.00;3461.85
8.03.28.20.01;3457.61
24.11.175.154.57;3452.56
24.55.66.90.04;3452.16
24.50.66.714.00;3450.8
8.09.04.122.57;3446.7
8.30.53.21.00;3441.28
24.54.66.259.00;3435.36
24.57.66.396.00;3426.38
24.10.159.311.06;3422.1
21.14.50.1083.00;3417.4
8.02.02.06.01;3402.35
8.09.28.81.01;3398.9
8.30.53.52.00;3398.02
24.10.159.315.00;3390.39
24.56.66.590.01;3389.3
24.57.66.234.00;3385.28
8.09.02.01.10;3379.35
24.11.175.12.57;3377.78
24.11.175.07.06;3372.59
6.30.162.02.08;3357.9
24.11.175.24.57;3352.49
23.45.55.01.00;3340.8
24.55.66.515.00;3340.33
24.53.66.165.00;3325.74
8.09.01.85.01;3319.9
24.53.66.91.00;3319.12
24.10.159.413.06;3314.8
8.09.53.01.01;3299.0
8.09.02.04.01;3299.0
24.54.159.54.57;3288.72
8.09.53.44.01;3280.8
8.09.03.118.01;3278.3
8.30.74.05.76;3269.9
24.10.159.276.00;3261.29
8.05.70.01.10;3258.7
24.55.66.531.00;3254.8
8.25.108.02.00;3246.04
8.07.04.37.10;3237.8
8.07.03.19.10;3205.86
8.60.171.03.07;3200.64
8.09.103.03.01;3189.9
8.67.23.01.07;3185.5
21.14.50.306.00;3172.3
24.57.159.32.00;3164.44
8.03.01.07.27;3155.11
8.07.23.02.11;3137.33
21.14.46.291.00;3119.88
24.11.175.224.06;3118.7
8.09.03.121.01;3108.9
24.50.66.720.04;3107.18
8.09.103.05.10;3099.8
24.11.159.89.00;3097.95
8.04.01.17.10;3097.0
8.30.53.02.07;3096.88
8.07.03.11.01;3091.43
8.25.101.04.18;3090.5
8.01.28.16.06;3084.53
8.04.169.03.10;3073.05
8.04.02.12.06;3066.0
21.14.50.493.00;3060.6
21.14.50.1365.57;3058.5
24.53.66.143.00;3057.61
24.52.159.60.07;3056.4
24.10.159.375.01;3055.66
24.56.66.388.06;3047.38
8.02.02.03.01;3038.1
8.09.03.42.00;3037.64
21.40.50.19.00;3033.01
24.57.66.06.00;3029.14
21.14.50.1353.06;3027.8
8.04.04.09.07;3023.3
8.25.101.03.07;3014.83
24.11.159.81.04;3011.83
21.14.46.289.06;2999.5
8.24.91.04.00;2987.1
24.54.66.388.00;2976.83
6.30.162.01.06;2974.14
24.56.66.41.04;2969.25
24.50.163.06.00;2968.11
8.06.23.11.11;2962.6
24.50.66.333.00;2958.79
8.04.03.06.57;2953.4
8.06.39.28.10;2950.87
24.10.159.328.00;2950.59
24.56.159.32.00;2945.71
24.54.159.53.00;2931.35
8.11.23.07.01;2925.85
8.09.39.21.10;2924.65
24.56.66.376.04;2917.87
24.11.159.105.10;2917.3
21.14.50.665.00;2915.5
8.03.04.60.07;2900.4
24.55.159.58.00;2900.11
8.30.53.68.00;2895.66
8.07.103.03.01;2888.0
24.55.66.538.00;2882.2
8.04.76.06.11;2878.21
24.56.159.134.00;2876.24
8.25.01.22.18;2874.05
24.55.159.55.00;2872.42
24.54.159.23.00;2867.43
24.50.66.210.05;2863.74
8.07.04.39.10;2859.7
24.51.159.43.10;2849.35
21.14.50.1055.00;2847.4
8.01.74.16.07;2845.0
24.69.163.39.00;2839.32
24.52.66.427.00;2836.77
24.50.66.692.00;2832.73
24.54.159.45.00;2832.06
24.54.159.24.00;2829.13
8.09.23.61.01;2826.13
24.56.159.96.00;2814.24
24.52.159.32.00;2811.13
8.60.171.04.18;2808.4
24.56.66.583.10;2804.27
8.09.03.79.01;2799.5
8.09.76.29.01;2796.9
8.04.169.02.57;2796.0
24.53.163.03.00;2777.12
24.68.163.13.00;2770.2
24.57.159.74.06;2767.28
8.09.68.01.01;2739.0
24.50.66.724.00;2737.34
8.09.57.01.06;2734.53
8.06.103.02.16;2726.9
24.11.159.35.00;2726.38
6.28.25.173.69;2726.3
24.10.159.338.10;2716.11
8.30.53.01.18;2713.45
24.10.159.373.01;2712.84
8.08.23.01.01;2710.18
8.25.01.21.07;2710.14
8.09.23.41.27;2699.0
24.10.159.295.08;2686.42
24.70.159.01.06;2682.06
24.54.66.384.00;2665.83
21.14.50.811.00;2665.5
24.10.159.326.00;2656.86
8.30.53.60.00;2653.85
21.14.175.14.01;2652.69
24.69.163.44.00;2643.12
24.55.66.516.00;2642.61
8.09.23.90.01;2639.8
8.05.28.10.18;2608.4
24.50.66.691.00;2605.27
24.52.66.199.00;2604.67
8.09.01.36.58;2599.0
8.07.23.22.10;2598.0
24.71.175.16.06;2595.81
21.14.50.667.00;2592.5
21.14.50.29.00;2591.13
24.53.66.212.01;2590.84
8.01.103.01.10;2590.2
8.09.23.44.01;2589.9
21.14.46.70.01;2578.7
21.16.50.02.00;2571.12
8.09.54.03.01;2569.7
8.01.01.20.10;2560.1
8.06.103.04.10;2557.9
24.11.159.80.01;2537.48
8.04.01.12.108;2528.9
24.56.66.293.00;2526.05
8.04.92.07.01;2518.31
24.57.66.188.00;2502.24
8.04.76.03.10;2499.8
24.50.66.510.00;2499.1
8.09.02.110.10;2499.0
8.09.103.06.01;2499.0
24.54.159.05.00;2495.57
24.57.66.728.00;2495.48
24.10.159.264.00;2493.8
24.11.175.35.01;2487.14
24.71.159.03.00;2486.1
21.14.50.673.00;2482.0
21.14.50.1082.00;2479.6
24.56.66.161.00;2476.85
8.03.02.22.80;2473.35
8.06.23.12.07;2472.57
8.09.23.31.10;2469.9
8.09.04.112.01;2469.8
8.01.39.03.05;2466.15
8.09.03.108.07;2464.72
8.03.161.01.10;2458.9
24.55.66.526.00;2457.88
21.14.46.407.06;2455.8
24.56.66.605.10;2452.0
24.52.159.98.00;2449.05
24.54.66.379.00;2441.9
8.07.04.27.90;2438.6
24.68.174.14.00;2437.4
8.03.71.18.00;2433.9
24.51.159.10.06;2425.8
24.57.66.162.00;2425.36
24.53.66.211.10;2422.66
24.54.66.83.11;2421.4
21.14.175.23.01;2419.6
8.09.73.79.01;2418.6
8.06.23.14.06;2417.9
24.50.66.514.00;2414.45
24.68.163.15.00;2405.94
24.54.66.170.00;2404.46
21.14.50.394.00;2401.65
8.06.103.07.10;2397.0
24.11.175.26.06;2396.14
24.57.66.04.00;2394.56
24.11.175.109.57;2392.4
24.52.66.206.11;2391.79
21.14.46.182.00;2383.89
24.10.159.447.01;2377.91
24.50.66.381.00;2358.92
24.10.159.49.00;2347.99
21.14.50.726.00;2344.4
24.52.159.74.07;2341.82
8.09.02.111.10;2339.35
24.52.159.33.00;2337.55
8.05.28.09.10;2337.2
24.54.159.06.10;2334.56
21.16.50.08.00;2333.51
8.03.23.04.10;2332.9
24.54.66.390.04;2321.6
6.28.60.09.114;2319.2
24.54.66.370.00;2318.9
24.54.159.39.00;2314.03
8.05.04.07.07;2313.4
24.57.67.15.00;2310.23
21.14.46.448.01;2299.2
8.09.01.94.27;2299.0
8.03.74.07.01;2299.0
21.14.50.1141.00;2297.5
24.50.66.290.00;2287.55
24.52.66.66.00;2285.71
24.53.66.220.00;2284.1
24.51.159.29.00;2279.14
8.25.01.43.01;2276.6
24.69.163.54.00;2262.26
24.53.66.214.01;2259.81
24.52.159.89.00;2253.39
24.53.163.120.00;2249.98
24.10.159.329.00;2241.09
8.24.57.93.06;2241.0
24.51.159.31.01;2240.6
8.09.03.114.10;2239.8
6.28.60.15.11;2237.9
24.10.159.384.00;2234.17
24.50.66.511.00;2229.82
21.14.50.962.00;2228.11
8.09.28.84.01;2227.1
24.11.159.32.00;2226.01
24.56.159.57.00;2223.2
24.10.159.206.00;2222.4
24.71.159.07.00;2215.92
24.51.159.34.10;2213.91
8.30.53.04.07;2213.73
21.14.50.62.00;2199.4
24.57.159.35.06;2195.82
8.04.04.06.18;2189.7
8.09.02.113.80;2187.85
24.69.163.53.00;2186.9
24.10.159.156.00;2185.34
8.01.04.01.10;2175.27
8.06.04.21.18;2169.9
21.14.175.45.01;2165.56
8.25.57.207.07;2162.71
24.11.175.160.57;2157.52
24.11.175.191.00;2157.29
24.52.159.67.10;2156.95
24.51.159.33.01;2156.56
24.50.66.14.11;2152.0
8.07.23.32.06;2149.96
8.09.03.80.18;2146.7
21.14.175.38.57;2142.46
24.50.66.715.05;2142.0
8.10.33.01.69;2140.16
8.09.01.15.01;2139.99
24.11.175.215.10;2134.5
24.56.66.327.04;2131.1
24.53.66.207.00;2125.14
24.57.66.408.00;2124.22
24.10.159.225.04;2119.84
8.03.84.01.01;2119.8
21.14.50.119.00;2119.74
21.14.175.56.00;2110.2
8.24.58.54.03;2107.25
24.53.66.90.00;2102.13
21.14.46.69.01;2099.7
8.06.103.05.11;2097.0
24.57.66.480.00;2096.74
24.11.175.30.57;2093.77
21.14.50.758.00;2089.4
8.09.39.23.01;2085.0
24.10.159.238.08;2082.12
24.52.159.106.69;2080.11
24.50.66.10.00;2074.67
8.05.28.02.11;2069.8
8.04.03.22.07;2069.7
24.57.66.135.05;2066.4
8.01.71.03.10;2058.5
8.09.01.78.01;2049.9
8.30.127.08.69;2049.89
8.09.28.88.01;2049.3
8.30.33.56.06;2046.89
24.56.159.45.00;2025.19
8.06.03.14.06;2019.4
24.56.66.78.08;2018.3
24.52.66.374.00;2016.73
24.50.66.213.05;2015.44
24.50.66.218.05;2007.27
24.53.163.28.00;2003.04
8.03.01.12.10;2002.2
8.09.01.28.31;1999.9
24.57.159.24.00;1999.48
8.09.02.119.01;1999.0
8.04.01.18.01;1998.0
24.56.159.77.01;1995.31
8.09.73.27.18;1995.0
8.13.53.01.11;1992.84
24.10.159.218.00;1990.78
24.57.159.20.00;1989.69
24.54.159.81.00;1985.34
24.52.66.398.00;1984.57
24.11.159.109.04;1980.34
21.40.46.486.12;1979.8
11.21.132.14.01;1979.6
24.54.66.65.00;1978.22
8.04.53.04.00;1974.3
24.54.159.17.00;1967.76
8.09.01.98.27;1961.91
24.11.159.75.00;1960.06
21.48.132.40.00;1959.6
8.30.33.48.06;1954.73
8.11.33.06.17;1953.0
24.52.66.382.00;1951.75
21.14.50.835.00;1951.6
24.56.159.44.01;1946.99
21.14.46.430.07;1943.7
11.21.132.16.76;1941.6
8.05.76.03.10;1938.4
21.14.50.125.00;1937.13
24.10.159.308.01;1935.17
8.09.04.68.07;1934.03
24.57.66.680.00;1931.22
8.03.71.06.00;1928.2
8.06.23.09.07;1922.74
21.14.175.20.01;1917.8
8.25.53.37.00;1916.5
24.71.159.01.00;1909.46
8.25.53.93.00;1907.8
8.09.18.03.18;1900.0
8.11.33.05.18;1899.32
24.53.66.47.00;1898.4
8.09.03.78.07;1895.43
8.06.23.13.11;1891.22
8.09.169.06.10;1887.3
8.09.169.05.01;1887.3
8.25.57.201.06;1887.13
24.50.66.545.00;1885.1
8.05.03.02.18;1879.0
8.30.33.59.69;1878.88
24.53.66.72.00;1876.05
24.56.159.119.07;1872.9
8.30.53.14.18;1871.73
24.10.159.215.01;1867.81
24.55.66.514.00;1866.0
24.53.163.61.00;1864.5
24.56.159.48.00;1863.98
8.12.01.11.06;1863.35
24.10.159.224.00;1858.26
8.30.33.12.00;1843.62
24.10.159.442.10;1841.6
24.52.66.70.00;1838.01
24.68.174.04.00;1833.2
8.24.53.56.07;1832.4
8.09.53.45.01;1829.9
24.52.159.97.00;1824.9
24.54.66.295.00;1824.06
24.50.66.289.00;1822.3
8.25.53.89.07;1821.87
24.11.159.92.05;1820.95
8.01.53.07.07;1814.69
8.03.71.05.00;1812.7
21.14.46.260.10;1809.8
8.09.01.59.01;1807.36
24.50.66.312.18;1805.71
24.52.159.85.00;1804.74
21.14.50.1357.01;1802.12
24.51.132.09.06;1801.6
8.06.39.25.07;1797.75
8.09.01.54.01;1797.55
24.55.66.294.00;1796.5
8.25.86.01.00;1795.2
24.52.159.91.00;1795.18
24.11.175.05.01;1791.13
8.07.04.04.18;1788.8
8.07.03.18.01;1788.3
24.55.66.524.00;1787.4
24.51.159.02.10;1785.31
8.07.04.21.01;1781.9
8.09.03.13.01;1779.9
21.14.50.818.00;1779.67
24.53.163.02.00;1778.65
8.11.160.19.113;1778.5
8.02.02.02.30;1771.45
8.02.03.01.01;1769.11
8.02.161.01.01;1768.9
24.11.159.74.00;1768.13
24.10.159.65.04;1763.36
24.53.163.09.00;1763.3
8.03.04.59.01;1762.6
8.05.61.11.10;1759.1
8.30.53.17.69;1757.02
8.30.33.55.00;1756.22
8.07.54.07.01;1754.78
8.09.01.79.27;1751.39
24.57.163.05.00;1749.35
24.52.66.385.00;1746.35
24.52.66.60.00;1745.41
24.69.163.76.00;1742.64
24.68.163.02.00;1730.0
8.06.03.17.18;1724.84
24.53.163.75.00;1724.7
8.06.04.22.10;1719.7
8.07.04.03.07;1716.11
21.14.50.1081.00;1711.49
24.53.66.169.00;1709.87
24.52.66.50.00;1708.26
24.11.159.116.04;1707.96
8.04.01.01.01;1707.0
24.57.159.33.00;1706.38
24.50.66.759.00;1701.39
24.10.159.91.08;1700.28
24.52.159.72.18;1699.94
8.11.33.01.11;1699.72
24.11.175.121.10;1695.6
8.30.57.49.11;1694.31
21.14.50.495.00;1688.4
24.10.159.287.10;1686.73
24.10.159.250.57;1679.1
8.25.57.47.69;1675.88
24.55.66.517.00;1673.97
24.50.66.776.06;1671.91
24.11.175.38.57;1671.68
24.10.159.309.00;1667.55
24.11.159.79.01;1667.03
8.09.74.18.10;1665.56
21.14.50.58.00;1665.2
24.53.163.166.00;1662.93
24.11.175.134.06;1660.2
24.69.163.87.00;1659.21
8.01.74.04.06;1658.02
24.50.66.427.00;1653.84
8.07.01.31.27;1649.9
21.14.50.931.00;1649.7
24.56.66.537.00;1648.66
8.25.57.206.10;1645.3
8.30.33.49.69;1640.81
8.01.28.33.18;1640.4
24.50.66.308.18;1639.3
8.25.53.97.00;1635.9
24.56.159.92.00;1635.87
8.30.33.13.00;1634.36
24.55.66.519.00;1625.0
8.09.02.11.10;1624.35
24.52.66.419.00;1621.87
24.56.66.63.00;1618.57
8.10.01.02.11;1617.3
8.30.33.04.00;1616.75
8.09.02.124.01;1609.9
8.09.04.79.07;1609.9
21.14.175.11.01;1606.0
21.14.46.192.10;1605.31
8.27.57.03.18;1604.7
21.40.46.1574.00;1604.7
8.01.103.02.11;1601.22
8.04.04.08.10;1598.6
8.09.28.83.18;1598.0
21.14.46.399.01;1597.0
24.55.66.127.04;1591.21
8.09.23.47.27;1590.21
8.06.76.01.06;1576.05
24.53.163.10.00;1570.76
24.11.175.32.10;1568.94
8.06.39.24.18;1566.35
21.14.175.18.01;1565.7
24.52.159.47.00;1558.72
24.10.159.271.00;1556.6
24.10.159.396.57;1549.6
24.53.163.12.00;1546.15
24.53.163.157.00;1542.95
8.25.01.16.06;1540.27
21.14.46.1202.01;1539.6
8.12.01.13.06;1539.0
8.09.23.56.10;1538.9
24.52.66.281.00;1534.16
24.11.159.84.04;1532.11
24.71.175.17.01;1531.9
21.14.50.490.00;1529.82
8.04.61.03.11;1529.15
24.11.175.86.57;1528.4
24.52.159.58.01;1528.2
24.50.66.755.00;1526.1
21.14.175.55.01;1525.8
24.54.159.26.01;1525.7
24.56.66.165.00;1523.36
24.53.163.26.00;1516.06
24.54.159.22.00;1515.64
24.54.66.356.00;1512.23
8.30.53.40.00;1509.51
24.11.159.86.00;1505.65
24.54.66.39.07;1500.07
8.01.71.19.07;1499.0
8.05.33.02.07;1489.7
24.11.159.104.06;1487.52
8.30.148.29.06;1486.58
24.53.66.170.00;1486.24
24.56.159.23.00;1486.14
8.24.53.47.17;1482.67
8.05.04.03.07;1481.6
24.52.159.95.00;1480.84
24.11.159.02.00;1479.48
8.25.57.52.06;1479.04
8.09.68.05.06;1479.0
8.08.53.04.01;1476.0
24.10.159.72.11;1473.8
8.30.53.41.00;1469.06
24.11.159.36.00;1466.71
21.14.50.722.00;1462.6
8.30.33.46.00;1459.83
8.06.28.13.80;1459.7
24.11.159.70.06;1457.45
8.01.103.03.07;1445.0
24.53.163.153.00;1443.95
8.09.04.124.92;1440.8
21.14.50.929.00;1439.4
8.09.39.08.10;1439.1
24.53.163.89.00;1437.9
8.06.03.13.18;1432.22
24.54.66.296.00;1428.49
24.53.66.46.00;1427.28
8.02.68.01.01;1421.81
24.55.66.150.00;1419.0
8.08.23.03.10;1415.49
24.52.66.389.01;1411.19
21.14.46.253.76;1407.09
24.11.175.40.10;1405.3
24.56.66.610.00;1400.14
21.14.46.343.01;1399.6
24.52.66.49.00;1399.5
8.04.02.13.80;1399.0
24.10.159.324.00;1398.43
8.25.75.50.01;1396.84
8.30.53.22.06;1396.21
24.55.66.513.00;1395.0
24.10.159.269.00;1394.17
24.54.66.240.00;1390.01
24.52.159.57.06;1388.71
24.57.66.464.07;1386.0
8.30.53.08.00;1384.54
24.56.159.53.00;1383.26
8.03.28.23.01;1379.7
8.10.53.02.07;1379.3
24.55.159.60.20;1377.7
8.30.33.39.00;1371.18
24.50.66.316.00;1370.91
24.50.66.717.05;1364.94
24.52.66.386.06;1364.01
8.03.04.50.01;1363.9
21.14.50.462.00;1363.7
24.57.159.17.04;1362.8
24.11.175.06.10;1362.38
24.10.159.265.00;1360.65
8.60.131.04.06;1360.0
8.07.04.36.01;1359.9
8.01.28.30.18;1359.6
24.11.175.08.57;1357.8
8.09.74.05.01;1357.71
24.11.175.16.57;1357.4
24.52.66.102.00;1354.82
24.54.66.354.00;1353.86
24.69.163.14.00;1352.79
8.25.53.46.00;1352.7
24.55.159.12.18;1351.0
8.30.92.03.69;1346.25
24.10.159.119.20;1345.15
24.10.159.57.18;1340.74
8.09.03.12.07;1339.7
24.54.66.243.00;1339.42
24.51.159.01.00;1338.84
8.09.54.02.01;1338.8
24.57.67.18.00;1338.48
24.57.159.10.00;1335.8
21.14.50.746.00;1334.6
24.52.66.195.00;1334.58
24.54.66.398.00;1334.4
24.11.175.163.57;1332.05
8.24.53.37.00;1326.9
8.03.23.05.01;1326.8
24.54.66.67.07;1323.91
24.11.159.110.05;1317.7
8.06.03.11.07;1314.3
8.25.75.41.00;1308.6
8.09.03.105.10;1305.57
21.14.50.1364.57;1304.6
8.09.23.57.10;1300.8
8.07.02.11.01;1299.0
8.30.02.01.60;1299.0
8.07.23.27.01;1299.0
24.50.66.180.06;1297.1
24.54.159.32.00;1296.73
8.03.71.09.00;1292.81
24.50.66.317.00;1291.96
8.09.03.111.18;1291.9
8.25.75.04.10;1291.19
24.53.163.05.00;1289.93
8.11.04.03.01;1287.21
8.30.33.50.00;1286.85
24.52.66.100.00;1284.88
24.50.66.326.11;1283.2
24.56.66.525.00;1280.81
8.25.92.19.00;1279.8
8.07.53.02.01;1278.9
21.14.46.140.06;1278.19
8.01.28.32.10;1278.0
8.13.57.07.18;1277.8
24.54.65.04.00;1270.42
24.50.66.781.00;1269.92
8.06.04.23.18;1269.8
24.11.175.221.06;1269.6
24.54.159.44.00;1269.32
24.52.66.334.00;1269.18
24.57.66.451.00;1261.69
24.54.66.68.18;1260.28
24.50.66.774.04;1259.4
24.70.175.05.10;1257.9
24.10.159.164.00;1256.81
24.11.159.85.01;1255.73
24.50.66.288.00;1252.28
8.25.101.01.16;1247.37
24.57.159.58.01;1246.62
24.57.66.26.00;1245.44
24.11.175.39.01;1244.54
24.69.163.08.00;1243.63
24.57.67.78.00;1243.62
8.08.53.02.10;1238.8
6.30.162.08.08;1231.12
24.71.159.13.00;1227.86
24.71.159.24.01;1224.93
8.30.53.55.00;1224.61
8.24.53.40.00;1224.0
24.53.66.139.01;1222.43
24.69.163.06.00;1222.1
8.25.53.31.00;1221.7
8.25.57.179.06;1221.2
8.11.02.02.79;1219.8
8.08.30.01.01;1219.8
24.52.66.69.00;1218.51
8.09.03.87.10;1215.13
21.14.46.185.01;1214.9
8.09.23.60.10;1214.1
24.11.175.114.10;1212.7
24.52.159.83.00;1210.57
8.30.53.15.07;1209.07
24.10.159.272.00;1208.03
8.03.04.52.08;1206.7
8.24.53.60.07;1205.93
24.11.175.187.00;1203.44
24.53.66.208.01;1202.2
8.30.170.20.11;1199.99
8.09.39.07.01;1199.9
8.03.76.04.01;1199.0
6.15.12.53.76;1199.0
24.55.66.61.04;1196.32
24.10.159.394.57;1193.42
8.30.127.07.69;1192.97
8.09.03.04.01;1192.8
8.27.01.02.18;1192.3
8.09.03.117.01;1189.9
24.68.163.06.00;1188.8
24.11.175.227.10;1187.92
24.50.66.780.00;1187.63
21.14.50.810.00;1187.06
21.14.50.377.00;1184.7
21.14.175.57.00;1183.5
24.10.159.139.00;1175.3
24.54.66.352.00;1169.86
24.57.66.667.00;1167.3
8.25.01.02.01;1166.22
24.56.159.46.00;1164.53
21.16.50.06.00;1164.21
24.56.66.606.06;1162.9
24.11.175.161.57;1159.52
21.40.46.1522.06;1159.4
24.53.66.209.10;1159.2
8.24.23.03.18;1159.2
24.57.66.220.00;1157.06
8.11.92.06.00;1155.79
24.54.66.353.00;1153.7
24.54.65.34.00;1152.4
8.09.01.64.01;1152.1
24.50.66.15.00;1150.92
21.14.50.1359.01;1150.8
24.11.175.105.06;1149.7
8.24.58.55.18;1147.9
21.40.46.1590.18;1145.36
24.57.66.708.00;1145.0
8.24.53.63.00;1143.9
24.54.66.287.00;1143.35
8.07.04.26.89;1139.8
24.56.159.20.18;1138.21
8.01.74.18.18;1138.0
24.10.159.205.08;1136.64
24.52.66.400.00;1135.18
24.50.66.321.04;1132.9
24.52.66.57.00;1132.84
24.55.66.507.00;1132.6
24.50.66.502.00;1125.78
8.25.02.05.01;1124.25
24.57.66.27.00;1123.96
24.60.159.04.01;1123.2
24.10.159.85.01;1121.0
21.14.50.100.00;1119.6
21.14.50.532.00;1119.6
8.10.53.01.18;1119.4
8.03.23.06.57;1119.3
8.09.74.01.01;1119.2
8.07.23.14.10;1118.11
24.50.66.693.00;1117.78
24.10.159.289.01;1115.5
24.54.66.237.00;1114.43
24.57.66.404.00;1112.19
8.24.33.02.11;1109.65
24.54.159.29.00;1108.04
24.50.66.414.00;1106.0
24.56.66.345.00;1104.54
24.69.163.04.00;1101.1
24.11.159.90.00;1100.05
8.24.53.41.11;1099.6
8.09.04.136.18;1099.0
24.11.159.128.10;1098.9
24.52.159.61.18;1097.7
21.14.50.74.00;1097.7
8.25.53.90.18;1096.12
24.10.159.323.00;1095.76
8.25.53.76.00;1095.6
8.30.53.26.00;1094.12
8.01.28.34.18;1090.9
24.71.159.20.01;1090.39
8.09.28.70.10;1089.9
21.14.46.431.06;1089.8
21.40.46.465.16;1089.5
8.06.39.29.01;1088.95
8.25.57.181.18;1087.96
24.11.175.120.10;1083.7
21.63.132.10.00;1082.4
21.63.132.11.00;1081.42
24.54.66.380.00;1080.0
8.09.103.02.10;1079.6
8.06.04.26.01;1077.9
8.01.28.31.10;1077.9
24.11.175.127.06;1077.61
24.53.66.163.00;1076.08
24.68.163.22.00;1073.92
21.40.46.1530.01;1073.7
24.69.163.12.00;1071.95
24.52.66.420.00;1070.62
8.11.01.04.01;1065.08
24.11.175.108.57;1064.7
24.54.66.154.11;1063.26
21.40.50.20.00;1059.8
21.14.46.1680.07;1058.7
24.55.66.84.05;1051.61
21.40.46.1525.01;1051.6
8.03.57.04.69;1051.58
24.57.66.672.00;1050.95
8.04.33.01.00;1049.9
3.03.64.05.00;1049.0
8.07.54.13.01;1046.26
24.10.159.288.08;1046.12
8.24.91.05.00;1045.75
24.57.66.230.00;1043.91
24.10.159.444.20;1043.09
21.40.50.33.00;1041.6
21.14.50.669.00;1039.6
24.54.66.386.00;1035.3
8.06.04.11.16;1034.9
24.10.159.369.00;1034.46
24.11.159.10.00;1033.46
8.06.39.13.06;1032.65
8.05.04.06.18;1032.45
22.25.168.01.06;1030.5
8.25.75.39.18;1029.97
8.01.74.15.07;1028.6
24.50.66.560.00;1027.9
8.25.75.02.00;1025.9
8.25.53.34.114;1023.14
24.50.66.201.00;1022.0
24.50.66.756.00;1021.2
8.09.53.38.01;1018.9
21.14.46.249.00;1017.9
21.14.46.449.01;1017.9
8.30.57.05.18;1017.56
24.50.66.287.00;1015.52
8.11.04.01.07;1012.6
8.25.53.04.00;1011.15
24.69.163.46.00;1006.2
24.57.66.136.04;1005.0
24.52.159.20.00;1004.4
24.10.159.415.01;1003.26
8.13.53.02.69;999.4
8.01.74.03.10;999.0
8.09.23.89.01;999.0
6.28.60.24.113;996.0
8.03.04.67.01;993.8
6.67.60.02.07;992.91
8.30.53.03.18;992.7
24.50.66.09.00;990.9
8.30.53.76.69;989.25
24.11.159.100.00;988.82
24.53.66.49.00;986.5
24.53.66.10.00;985.81
21.14.50.1054.00;982.45
8.60.171.05.07;981.91
24.25.49.18.11;980.0
8.25.58.24.06;979.9
24.57.66.462.04;979.84
24.56.159.74.00;976.88
21.14.50.1355.07;975.9
21.40.50.24.00;975.8
24.57.66.470.04;975.2
24.52.159.59.06;972.7
8.24.23.48.07;967.25
24.69.163.50.00;965.8
24.57.66.25.00;964.48
21.40.50.34.00;964.3
24.55.159.22.20;963.74
24.54.159.48.20;962.38
24.57.66.413.00;959.91
6.28.60.23.69;959.0
8.24.53.18.18;957.4
24.52.66.220.00;957.21
24.50.66.770.01;956.81
24.52.66.40.00;956.2
24.71.159.35.06;955.76
24.52.66.423.00;955.68
8.30.53.75.69;954.46
8.25.53.91.06;953.74
24.56.66.582.57;952.06
21.14.46.294.16;951.51
24.55.66.10.04;951.01
24.50.66.53.04;950.24
24.10.159.161.00;950.0
24.55.66.295.00;949.8
8.13.33.07.00;948.86
8.30.33.06.00;947.9
8.25.53.94.00;945.14
24.10.159.54.08;945.04
8.11.160.21.18;944.3
24.54.66.456.00;944.0
8.11.92.14.00;943.7
8.05.03.01.07;943.6
21.40.46.1527.06;941.6
24.69.163.10.00;939.5
24.50.66.428.00;936.93
24.54.66.181.20;936.42
21.40.46.1531.08;935.6
24.55.66.328.00;934.4
8.24.23.67.10;934.3
24.10.159.130.01;930.4
24.57.67.16.00;930.33
24.10.159.393.57;929.02
24.10.159.62.01;928.5
24.11.159.103.01;926.6
24.53.66.164.00;924.55
8.02.01.01.01;920.79
24.68.174.18.00;920.0
8.06.01.16.07;917.9
24.50.66.06.00;916.97
8.01.57.03.10;916.8
24.11.175.04.57;916.01
24.55.159.57.00;915.3
24.56.66.588.57;913.6
24.10.159.09.00;911.47
24.54.66.397.04;910.8
8.24.53.38.00;909.6
24.53.163.159.00;909.34
8.06.03.12.10;905.7
24.50.66.403.00;905.19
24.51.159.24.00;905.17
8.27.04.02.18;905.0
24.51.159.38.00;904.1
8.30.53.72.69;902.53
24.50.67.40.00;901.2
24.50.66.277.00;900.4
8.07.23.20.10;899.92
24.11.175.190.00;899.7
24.55.66.504.00;899.7
8.05.61.23.10;899.1
8.05.61.12.11;899.0
24.11.175.43.00;898.52
24.53.163.146.00;898.0
21.14.46.272.06;895.8
8.11.160.24.18;895.71
24.53.163.155.00;895.64
24.11.159.37.00;895.2
24.54.66.355.00;895.0
8.25.01.42.01;894.07
24.11.159.48.00;893.7
8.11.160.05.02;893.52
24.54.66.414.00;890.98
8.03.57.01.69;890.04
8.06.39.23.18;889.77
24.55.66.75.00;889.59
24.71.159.25.05;889.46
8.25.53.40.00;887.18
24.55.159.16.00;887.11
24.55.66.01.00;886.19
8.03.71.07.00;885.64
24.55.66.78.04;882.49
8.24.53.21.07;881.9
24.54.159.07.00;880.64
8.25.57.205.07;880.43
24.56.66.68.00;880.0
8.25.02.01.06;879.0
24.50.66.109.00;878.46
8.29.01.01.16;876.9
8.11.33.03.17;875.79
8.12.01.04.06;874.12
8.01.03.04.01;872.7
8.30.57.58.69;871.25
24.54.159.66.00;869.98
8.11.33.04.11;869.5
8.13.33.04.00;868.9
24.52.66.422.00;865.96
8.24.33.03.18;865.8
8.25.135.03.00;863.22
21.14.46.261.00;859.9
24.50.66.500.00;859.04
24.55.159.63.20;855.45
21.14.50.1015.00;849.9
8.09.68.02.10;849.9
24.52.159.124.00;849.85
24.10.159.254.01;849.82
8.25.53.22.00;849.09
24.57.159.03.04;847.81
24.10.159.86.00;844.73
8.25.69.19.00;843.5
24.11.159.111.00;840.31
8.24.128.15.07;839.6
24.57.159.21.00;839.4
24.68.163.32.00;839.3
24.57.66.669.00;838.22
8.12.01.09.01;836.97
8.13.57.06.69;836.52
24.69.163.82.00;836.5
24.10.159.316.10;835.53
8.11.92.03.00;834.75
24.71.159.10.00;834.44
24.53.66.218.10;833.54
24.10.159.382.00;833.25
24.10.159.134.00;831.19
24.54.66.156.00;826.74
21.14.46.19.76;824.9
7.10.49.13.01;822.1
8.03.71.19.07;820.03
21.14.46.400.76;819.9
8.05.61.01.116;818.9
6.28.60.13.08;816.96
24.52.159.70.01;815.56
21.14.46.67.00;814.9
24.55.66.271.00;814.75
24.52.66.381.00;813.73
24.10.159.84.00;813.42
8.24.53.27.00;812.32
24.50.66.291.04;812.07
24.57.159.25.00;811.84
24.56.66.356.00;811.78
21.40.46.467.10;811.6
24.55.159.19.04;809.67
21.14.175.22.01;809.1
24.53.66.61.00;808.39
24.50.66.701.00;808.06
24.70.159.09.69;807.69
24.53.66.50.00;807.1
24.53.163.25.00;806.34
24.50.66.719.04;803.56
8.09.04.20.08;801.9
8.24.23.51.57;801.2
24.57.66.710.04;799.9
8.04.39.04.00;799.0
8.09.53.36.00;799.0
8.25.57.208.18;798.9
24.68.174.57.00;797.7
24.53.66.75.00;797.5
24.54.66.42.00;795.2
21.40.46.1528.76;794.7
24.57.66.08.06;794.5
8.25.53.16.00;794.1
21.40.46.1529.10;793.7
24.52.66.202.06;793.09
8.24.92.51.00;790.22
24.51.159.03.10;789.22
21.14.50.1356.18;789.09
24.53.163.171.00;788.69
24.50.66.393.00;787.55
24.57.159.23.00;786.65
24.50.66.398.00;785.81
24.56.159.109.01;784.27
8.01.74.05.10;784.2
24.53.163.52.00;782.75
8.30.53.53.00;782.71
24.57.159.67.00;782.45
24.55.66.258.04;782.3
24.53.163.144.00;780.0
24.50.66.783.00;779.8
8.24.53.48.11;779.6
24.68.163.18.00;779.4
24.57.66.235.00;777.84
6.67.60.01.113;777.0
8.04.92.05.10;776.78
24.52.66.395.76;774.9
24.11.175.36.10;774.8
24.50.163.01.00;773.2
8.03.71.10.00;772.12
24.10.159.117.06;772.0
24.56.66.355.00;768.91
24.52.66.424.18;767.31
24.53.163.158.00;767.27
8.24.23.49.11;767.16
24.54.66.09.00;767.1
8.25.57.163.18;765.91
24.11.175.123.06;765.8
24.53.66.206.00;765.63
8.13.57.01.69;764.52
24.56.66.591.00;761.59
24.53.66.171.00;761.36
8.05.70.04.10;758.88
21.14.46.273.01;757.8
8.11.92.01.00;755.97
21.14.50.453.00;755.31
8.25.81.01.00;754.79
24.11.159.101.00;753.03
21.14.50.302.00;752.8
8.25.01.36.03;751.8
24.53.163.125.00;750.6
24.10.159.359.00;750.15
24.52.66.204.06;749.9
8.06.04.03.07;749.7
8.11.33.02.18;749.6
6.28.60.25.08;748.8
8.09.28.66.10;747.91
8.30.33.57.69;747.0
8.30.33.47.00;747.0
8.25.69.30.00;743.96
8.30.33.14.00;742.53
24.10.159.258.01;741.22
8.25.57.59.03;740.8
8.05.01.19.17;739.9
8.09.54.05.01;738.9
24.50.66.431.00;738.9
24.10.159.404.06;738.8
24.69.163.78.00;737.5
8.25.57.180.07;737.41
24.53.163.48.00;736.52
24.54.159.47.18;736.14
8.24.53.60.00;735.4
24.50.66.723.00;733.2
24.10.159.350.01;732.99
8.09.23.55.10;732.75
24.71.175.01.57;730.3
8.06.04.04.18;729.7
21.14.46.62.01;727.9
24.10.159.322.08;726.0
24.53.66.38.00;724.2
24.10.159.273.00;724.01
24.10.159.366.00;723.62
24.57.159.34.00;723.6
8.60.171.06.18;723.18
19.37.44.03.01;722.9
8.24.23.52.07;721.39
8.25.57.189.69;719.74
8.06.03.18.01;718.9
24.56.66.584.01;718.8
8.25.83.01.00;717.7
24.55.159.20.20;717.63
8.24.53.11.18;717.0
24.52.66.272.00;715.8
24.71.175.11.06;715.6
8.24.58.06.03;713.7
24.57.67.77.00;712.4
21.48.46.1414.00;710.7
8.24.53.13.18;708.7
24.10.159.38.01;707.87
24.11.175.03.06;707.7
8.30.33.16.00;705.7
8.06.04.25.01;705.69
24.10.159.298.00;703.95
8.30.53.58.00;703.3
8.24.53.67.11;703.0
24.10.159.61.00;702.16
24.52.66.58.00;701.95
24.52.159.96.00;701.5
8.67.170.02.76;699.99
8.24.23.02.69;699.33
24.68.174.05.00;699.3
8.04.169.01.07;699.0
24.54.66.421.00;698.03
24.52.66.31.00;695.3
21.14.50.807.00;693.43
8.30.148.12.00;693.0
24.52.66.119.00;691.08
24.11.159.107.06;690.42
8.09.03.03.07;689.9
24.50.66.694.00;688.36
24.52.159.63.00;687.3
24.53.163.167.00;685.06
24.53.66.19.00;684.82
8.03.04.68.01;684.8
8.24.53.20.18;684.1
24.56.66.186.00;684.0
24.69.163.79.00;683.93
21.14.46.422.06;683.8
24.10.132.05.06;683.53
24.56.159.07.01;683.12
24.69.163.13.00;682.7
3.03.64.03.00;680.0
24.11.159.115.06;679.5
24.52.66.371.00;677.46
8.25.53.21.00;676.0
24.55.66.68.05;672.65
8.30.53.77.69;671.52
24.55.159.34.00;670.83
8.03.74.06.01;669.9
24.54.159.75.00;668.41
24.10.159.268.00;667.26
24.69.163.38.00;666.65
8.25.57.164.07;664.5
8.25.135.04.00;664.4
8.30.53.19.00;663.09
24.56.159.47.00;662.65
24.55.66.544.04;661.5
24.54.66.177.00;661.26
24.53.66.205.00;660.87
21.14.50.1167.57;660.0
21.14.175.39.57;659.9
24.69.163.71.00;659.7
24.10.159.410.18;659.26
24.53.163.29.00;659.19
8.24.57.91.06;658.85
21.14.50.766.00;657.8
24.55.66.201.00;654.91
24.68.174.36.00;654.11
24.10.159.443.01;653.26
21.40.46.356.06;652.9
24.55.66.502.00;652.9
24.50.66.334.00;652.54
24.57.159.43.00;650.7
8.67.170.01.11;649.99
21.14.46.64.01;649.9
8.30.33.35.00;649.86
8.24.53.12.07;649.06
24.52.66.418.06;646.71
24.11.159.88.00;645.2
24.57.66.353.16;644.93
21.14.50.712.00;644.8
24.10.159.280.00;644.49
24.50.66.56.10;642.8
24.54.66.246.00;642.4
8.25.92.07.18;639.9
11.21.132.02.01;639.9
8.13.33.05.00;639.8
24.55.66.540.00;639.8
8.25.53.28.114;639.44
8.04.92.06.10;638.72
24.55.159.23.20;638.69
24.11.159.117.00;636.9
24.54.159.08.00;636.5
24.50.66.718.04;636.3
24.54.66.395.00;635.9
24.55.159.08.01;635.05
8.25.86.02.00;635.0
8.25.01.14.07;634.94
24.54.66.01.00;634.2
8.30.33.20.00;633.25
8.30.148.81.00;632.6
24.10.159.228.00;630.45
8.26.138.80.11;628.6
8.30.148.07.00;628.02
24.56.159.135.00;627.8
24.53.163.164.00;627.1
24.71.159.08.00;626.82
8.12.01.21.01;626.8
24.57.66.275.11;626.6
24.11.159.127.10;626.6
8.30.33.01.10;626.28
24.53.66.18.00;625.63
24.52.159.87.00;624.91
24.55.66.55.00;624.5
24.54.66.148.00;624.48
8.25.01.01.01;621.91
8.24.53.28.00;620.54
24.68.163.31.00;620.53
24.57.66.726.00;619.6
24.52.159.107.06;619.0
8.30.92.24.10;618.2
24.10.159.97.06;614.41
8.03.68.01.01;614.0
8.25.53.31.95;613.57
24.10.159.327.00;613.0
24.51.159.26.06;612.6
24.52.66.33.00;612.31
24.56.159.101.02;609.72
8.03.74.03.01;609.0
8.25.86.16.00;608.41
8.30.148.22.00;608.0
8.24.53.66.16;606.47
24.10.159.307.01;606.16
24.11.159.93.05;604.64
8.06.03.16.07;603.81
24.52.159.104.06;603.4
24.53.163.19.00;602.43
24.54.66.335.00;602.42
24.55.66.512.00;601.6
24.54.66.244.00;601.32
24.54.159.34.00;600.5
24.54.66.231.00;600.3
24.52.159.49.00;600.06
24.54.66.111.00;599.98
21.40.50.60.00;599.9
8.24.128.09.07;599.7
8.24.128.12.18;599.7
8.24.128.16.10;599.7
24.50.66.760.00;599.6
8.30.33.17.00;599.35
24.50.66.256.04;599.18
8.24.23.58.18;599.13
8.25.92.01.10;599.0
8.27.04.06.06;598.25
24.57.159.26.10;597.9
24.10.159.12.00;597.2
24.10.159.175.18;596.79
24.10.159.412.04;596.49
24.11.175.173.57;595.8
8.24.53.72.18;595.3
8.30.92.14.00;595.01
24.54.159.31.00;594.9
21.40.50.47.00;594.84
21.40.46.68.00;593.65
24.10.159.291.01;593.41
24.50.66.748.07;592.22
8.09.54.04.07;591.12
24.68.163.05.00;589.6
24.10.159.211.00;589.4
8.25.167.01.00;589.38
24.56.66.585.57;589.14
8.09.03.01.10;589.0
24.52.159.93.00;588.92
21.40.46.1575.01;587.5
24.52.159.55.00;587.24
24.53.163.156.00;585.86
24.57.66.64.08;583.6
24.56.66.598.00;583.6
8.06.39.12.11;582.93
21.40.175.02.06;580.45
24.50.66.716.05;580.35
8.06.04.05.18;579.8
24.50.66.740.00;579.5
24.50.66.722.01;579.38
8.03.74.04.01;578.6
24.57.159.57.16;578.53
21.40.46.466.112;575.8
8.27.04.07.11;575.68
8.24.86.07.11;574.64
8.11.92.02.00;573.97
24.55.159.50.00;571.7
24.56.159.104.00;570.18
8.04.53.18.01;569.9
24.52.66.430.00;569.38
24.60.163.01.00;566.9
24.52.66.218.00;565.75
24.56.66.164.00;565.25
24.56.159.41.06;563.74
8.24.23.66.10;563.33
24.52.159.08.00;562.59
21.14.50.13.00;561.2
24.54.159.61.00;560.52
8.25.100.01.00;560.05
8.03.39.04.10;559.9
24.57.66.244.06;559.2
24.54.66.437.00;558.6
24.53.163.143.00;558.4
21.14.50.1056.00;557.2
8.24.53.17.07;557.05
24.54.159.46.01;556.35
24.52.159.92.00;555.28
24.53.163.22.00;555.21
21.14.50.529.00;554.9
21.14.46.1236.12;554.7
8.25.53.41.00;554.01
8.12.04.01.06;553.8
8.25.57.161.00;553.5
8.11.160.30.07;553.43
8.24.53.02.00;552.6
8.24.92.12.00;551.61
24.53.163.124.00;551.6
24.50.66.552.00;550.78
24.56.159.128.00;550.68
24.50.66.285.00;550.6
8.01.57.01.07;550.37
8.30.148.34.76;549.9
8.30.148.30.76;549.9
8.09.30.03.81;549.9
21.14.50.1088.00;549.7
8.12.01.22.01;548.83
24.54.66.69.11;545.61
24.52.66.265.00;545.28
21.40.50.54.00;544.9
8.24.23.54.18;544.82
24.11.175.18.10;544.8
24.56.66.485.00;544.42
24.52.66.59.00;542.63
24.55.66.536.04;542.43
24.54.159.52.69;542.38
24.57.66.506.06;542.18
24.56.66.587.01;541.4
24.69.163.49.00;541.24
24.10.159.243.08;541.04
24.56.159.124.00;540.04
8.11.92.11.00;539.8
8.11.92.12.00;539.73
24.10.159.428.10;539.67
24.10.159.303.00;538.88
24.56.66.530.00;538.85
8.30.53.13.00;538.66
8.01.70.07.18;538.0
24.52.159.62.11;537.9
8.25.53.15.00;536.94
24.50.67.35.00;536.31
21.19.46.06.18;535.8
24.54.66.56.00;535.5
24.55.66.09.04;534.9
24.57.159.37.00;534.24
8.30.33.37.00;533.7
8.30.33.21.00;533.6
24.71.159.11.00;533.4
24.54.66.247.00;533.28
24.57.66.31.00;531.5
24.56.66.592.00;531.5
8.09.04.118.10;529.9
24.69.163.37.00;529.15
21.14.50.348.00;529.08
8.60.171.02.06;528.8
24.11.175.25.57;527.88
24.54.159.69.00;527.2
24.10.159.425.01;526.8
8.24.53.53.18;524.7
24.53.163.121.00;521.91
24.52.66.110.00;520.4
8.25.53.45.00;520.0
8.03.39.05.10;519.9
8.06.53.14.10;519.0
8.26.138.60.07;518.28
24.55.159.62.20;517.51
24.52.159.39.01;517.4
8.07.32.44.00;517.36
8.07.23.13.01;517.11
24.69.163.42.00;516.58
24.57.66.269.07;514.6
24.57.159.62.20;513.96
24.10.159.305.00;513.4
24.71.175.02.76;511.6
24.69.163.20.00;511.42
21.14.50.08.00;510.8
8.30.53.49.00;509.38
24.52.159.69.00;508.1
8.30.53.74.69;507.45
24.57.159.19.08;506.2
8.25.101.02.07;506.1
24.53.163.149.00;505.9
24.71.175.12.01;505.7
24.69.163.19.00;505.5
24.56.159.131.00;505.2
24.50.66.178.00;503.7
24.57.66.70.00;503.0
24.11.159.125.06;502.5
24.52.66.396.06;500.28
24.50.66.745.07;499.32
8.30.127.09.69;498.9
24.10.159.395.57;498.32
24.54.66.387.00;497.5
8.24.53.19.07;497.34
21.14.50.751.00;496.76
8.11.160.35.07;495.8
24.50.66.512.00;495.07
21.14.50.270.00;494.9
24.57.159.38.00;494.45
24.54.66.363.00;493.5
24.10.159.52.00;492.86
24.52.66.113.00;492.7
24.69.163.34.00;492.64
24.10.159.15.00;490.88
11.21.132.24.01;490.7
24.54.159.65.00;490.3
8.24.23.50.18;490.24
8.03.39.03.01;489.9
24.50.66.276.00;489.51
24.11.159.69.01;488.6
24.54.159.42.00;488.2
21.14.50.09.00;487.9
24.53.163.11.00;487.8
24.54.159.33.00;487.1
24.11.159.78.01;486.12
24.71.159.30.10;486.0
24.51.159.19.00;485.8
24.69.163.40.00;485.4
8.25.92.12.10;484.7
24.50.66.735.00;484.7
24.57.66.722.00;484.5
24.57.159.36.00;484.01
24.71.159.21.10;483.36
8.24.23.23.18;482.17
8.24.53.23.00;482.13
8.12.74.05.06;481.42
24.55.66.46.00;480.6
8.25.70.34.00;479.8
8.04.28.01.18;479.0
8.30.92.25.69;478.8
8.25.94.02.57;477.9
24.52.66.384.00;477.84
8.11.160.29.02;477.8
8.25.69.07.00;477.18
21.14.46.229.00;476.8
8.24.92.53.00;476.64
21.14.46.1694.00;474.9
24.52.159.94.00;474.2
8.30.92.27.69;474.11
8.09.169.07.11;474.05
24.50.66.777.04;473.6
24.56.66.602.10;470.3
8.11.92.20.00;470.25
8.24.92.67.00;470.2
21.14.50.79.00;469.81
8.24.53.26.00;468.23
21.14.46.1537.08;467.8
24.53.163.145.00;467.7
24.10.159.325.00;467.54
8.30.57.07.08;467.52
24.57.66.494.05;467.4
24.11.175.34.57;466.15
24.54.159.27.07;465.31
8.01.74.11.10;463.2
21.14.50.107.00;462.9
8.25.75.51.10;462.4
3.03.64.01.00;462.0
8.07.39.08.01;460.85
8.07.39.05.07;460.85
8.07.39.06.00;460.85
24.53.66.142.00;460.7
24.11.175.106.06;459.9
24.50.163.02.00;459.9
24.56.66.524.00;459.55
24.10.159.306.10;459.4
8.30.94.14.08;459.0
8.26.138.59.07;458.7
24.57.159.05.01;458.52
24.50.66.241.06;458.08
8.11.47.10.05;457.91
24.10.159.433.01;457.34
24.52.66.162.00;457.11
24.10.159.114.00;457.11
8.11.23.03.11;457.01
24.10.159.332.00;456.75
24.54.66.470.08;456.7
8.25.69.33.00;456.0
24.55.66.272.04;453.29
8.24.23.12.69;453.04
24.55.66.528.00;452.9
24.57.66.675.00;452.8
24.50.66.339.00;451.3
24.53.163.117.00;450.02
24.10.159.383.06;450.0
21.14.50.760.00;449.82
24.51.159.18.00;449.51
21.66.132.74.76;448.4
24.52.159.126.20;447.46
24.53.66.217.00;445.89
24.11.175.52.57;445.8
8.25.75.01.10;445.6
24.53.66.48.00;444.67
21.48.46.392.04;442.9
21.14.46.164.06;442.8
24.10.159.252.04;441.3
19.37.44.11.06;440.9
24.11.175.181.00;439.8
8.12.01.01.06;439.8
8.30.74.02.10;439.0
8.06.39.11.10;439.0
24.57.66.221.00;438.49
8.27.04.03.07;437.6
24.54.66.389.04;437.5
8.11.23.04.18;436.81
8.27.04.04.10;436.7
24.50.66.270.00;436.01
24.56.159.115.00;435.76
24.11.159.77.01;435.0
24.11.175.214.10;434.9
24.10.159.50.00;434.84
24.50.66.743.07;434.7
24.53.163.154.00;434.1
8.25.57.42.06;433.7
24.53.163.85.00;431.6
24.11.159.87.00;431.3
24.10.159.279.00;430.3
8.25.47.126.18;429.9
8.25.69.23.00;429.4
24.53.163.160.00;429.23
24.53.66.67.00;429.0
8.11.92.13.00;428.64
8.30.33.51.00;428.32
8.25.100.05.00;428.32
24.52.159.88.00;427.91
8.05.02.08.27;427.6
8.24.57.25.00;427.51
24.57.159.29.00;426.75
8.30.148.15.00;426.51
24.10.159.378.06;426.41
8.25.57.190.69;426.3
8.25.75.81.10;425.3
24.56.66.486.00;424.53
8.26.138.73.16;423.78
8.03.71.20.18;423.61
24.52.159.68.01;423.6
24.54.66.288.00;422.2
24.53.163.188.00;421.28
8.25.53.29.114;421.12
24.52.159.109.00;420.52
24.50.66.695.00;419.9
8.30.57.53.11;419.9
8.09.39.04.01;419.9
21.14.50.64.00;419.8
24.50.66.472.00;419.7
8.24.53.55.18;419.6
8.25.53.33.95;419.4
8.25.92.16.00;418.9
24.57.66.674.00;418.26
8.11.92.09.00;417.74
24.11.175.212.57;416.82
24.52.159.84.00;416.45
24.52.159.121.00;415.84
24.11.159.122.00;414.97
8.24.23.64.07;414.7
8.25.57.185.18;414.64
24.50.66.782.18;412.8
8.25.53.02.00;412.59
24.52.159.99.00;411.91
8.30.53.73.69;411.6
24.10.159.351.01;411.4
8.30.57.46.10;411.21
24.50.66.531.00;411.06
24.52.159.73.08;410.24
8.25.75.12.00;410.0
24.11.175.118.57;409.9
24.50.66.134.00;409.8
24.54.66.250.00;409.4
24.68.163.07.00;409.4
24.53.163.72.00;408.5
8.30.33.38.00;408.09
24.55.66.98.04;407.4
24.50.66.275.00;407.38
8.25.57.10.00;406.6
24.10.159.69.08;406.15
24.50.66.506.00;406.12
8.25.57.188.07;406.08
24.54.66.102.06;404.48
24.55.66.314.00;404.42
8.25.53.57.07;400.86
8.25.57.26.07;400.13
21.14.175.52.06;399.9
8.25.92.13.10;399.9
8.24.128.19.18;399.8
8.24.128.18.18;399.8
24.55.66.226.00;399.8
8.24.128.11.11;399.8
24.57.66.263.07;399.7
8.30.148.57.18;399.6
8.25.105.06.11;399.0
8.25.105.05.10;399.0
8.25.53.71.00;399.0
24.52.159.86.00;398.1
8.25.75.46.01;397.98
24.56.159.80.00;397.55
24.10.159.301.00;396.32
24.68.163.17.00;395.8
24.57.67.59.00;395.5
8.24.92.55.00;395.11
8.25.75.40.18;395.0
24.10.159.331.00;394.3
24.50.66.12.00;393.7
8.24.149.36.57;392.55
8.09.169.02.10;390.42
24.11.175.48.57;390.12
24.54.66.92.00;390.11
8.67.33.03.00;389.9
8.01.04.02.07;389.7
8.25.57.186.11;389.16
8.03.57.03.69;389.08
8.07.57.01.06;388.4
8.30.57.03.00;388.3
21.14.46.320.01;387.9
21.42.46.09.01;387.9
24.50.66.700.00;387.7
24.68.163.21.00;387.7
8.11.92.05.00;387.6
24.57.66.607.00;387.6
24.57.159.61.06;387.4
24.51.163.06.11;385.78
8.24.53.09.00;383.89
24.53.163.138.00;383.28
24.11.175.219.10;382.9
24.11.175.126.06;382.41
24.10.159.70.18;382.33
24.57.66.671.00;382.3
24.57.163.03.00;382.2
8.25.57.39.16;379.93
8.05.03.18.18;379.9
21.40.46.32.06;379.8
8.30.148.79.18;379.8
24.69.163.33.00;379.7
24.50.67.47.00;379.11
8.30.33.09.00;379.0
8.24.53.10.07;378.9
8.03.71.17.00;378.1
8.30.57.72.06;378.0
8.24.92.36.00;377.82
24.50.66.741.00;377.7
8.30.33.03.69;376.7
24.52.66.145.00;374.9
24.51.159.37.00;374.4
24.70.159.08.10;374.3
8.05.62.01.07;373.3
8.12.01.12.06;373.28
24.54.66.248.00;372.8
24.54.159.80.00;372.5
21.63.132.14.00;371.8
8.03.71.21.07;371.8
24.50.66.706.00;371.8
24.10.159.19.00;371.6
24.50.66.71.00;371.3
24.52.66.253.00;370.7
24.53.66.162.00;370.6
21.49.46.383.76;369.9
8.24.128.10.10;369.82
8.25.58.03.00;369.8
24.68.174.16.00;369.58
8.30.148.04.00;368.7
3.03.64.04.00;368.0
24.50.66.726.00;368.0
8.11.160.01.07;367.9
24.68.163.27.00;367.9
24.56.159.17.00;367.8
24.54.66.57.00;367.5
8.25.53.26.00;365.85
24.57.66.358.01;365.81
8.25.01.13.06;365.65
24.54.66.313.00;364.94
8.30.57.37.69;364.31
8.11.160.23.18;363.41
24.11.159.126.57;362.7
8.24.57.92.03;361.9
24.10.159.195.00;361.18
24.52.66.314.00;361.12
8.11.160.20.113;360.8
24.70.159.07.10;360.6
24.69.163.51.00;360.5
8.25.92.21.57;359.9
21.14.50.11.00;359.9
21.14.50.25.00;359.8
24.52.66.51.00;359.6
24.51.159.30.00;359.51
24.57.66.16.00;359.2
24.54.159.43.00;358.84
8.25.57.89.10;357.92
24.56.66.150.07;357.8
24.10.159.90.01;357.8
8.25.70.11.10;357.66
24.50.66.699.00;357.6
24.57.159.59.06;357.6
8.24.58.32.03;357.0
8.25.01.37.01;356.4
24.52.159.110.00;356.1
24.50.67.51.00;355.7
24.52.66.205.06;354.8
24.50.67.43.00;353.7
24.53.163.161.00;353.17
24.71.159.28.18;352.2
24.11.159.121.04;352.1
8.24.128.03.18;350.48
24.10.159.376.10;349.86
24.57.66.198.00;349.01
24.55.66.60.05;348.7
21.48.132.20.00;347.9
24.51.132.03.06;347.5
8.24.58.56.07;347.38
8.25.100.02.00;347.36
8.07.54.03.77;346.65
24.56.159.56.00;345.6
24.10.159.159.00;344.91
21.14.50.290.00;344.9
21.14.50.331.00;344.9
8.07.54.02.07;344.61
24.50.66.122.00;344.22
24.57.66.354.06;343.94
24.69.163.03.00;343.89
24.53.163.147.00;343.52
8.25.53.01.00;343.5
11.21.132.18.01;342.9
7.10.49.14.01;342.86
8.24.92.40.00;341.96
24.68.174.30.00;341.56
8.25.135.05.00;340.04
24.50.66.771.00;339.97
8.25.01.05.10;339.96
24.50.66.309.18;339.8
12.31.34.02.05;339.8
24.10.159.455.06;339.6
24.57.66.676.00;338.8
24.70.159.11.01;338.6
24.57.159.40.00;338.6
24.55.66.43.04;338.4
8.30.57.08.18;337.8
8.25.57.162.06;337.42
8.25.142.01.69;336.41
24.56.159.16.00;336.08
24.51.159.12.00;335.19
24.50.66.697.00;334.9
8.24.92.79.00;334.62
8.25.57.28.00;332.74
8.25.69.20.00;332.0
8.30.57.55.11;331.64
8.26.138.68.18;331.31
24.11.159.03.07;331.14
8.11.160.03.08;331.1
24.54.66.241.00;330.7
8.06.39.08.06;329.9
21.14.50.59.00;329.9
24.54.159.57.07;329.16
24.11.175.220.10;327.9
8.05.57.01.07;327.59
24.10.159.293.08;327.2
24.57.159.69.00;326.88
24.53.163.137.00;326.55
24.52.159.29.00;326.22
8.29.01.02.27;325.3
24.10.159.345.00;324.84
24.52.66.53.00;324.79
24.54.66.95.01;323.92
8.25.53.66.00;323.34
24.55.66.545.00;323.18
24.68.163.30.00;322.71
8.30.53.78.69;322.6
8.25.69.26.00;321.4
24.53.66.69.00;321.19
8.30.92.15.00;321.04
24.55.66.87.04;321.0
8.25.01.11.10;320.9
24.52.159.66.76;320.83
24.50.66.155.00;320.8
24.55.159.21.20;320.54
8.05.04.04.17;319.9
8.11.160.08.57;319.9
8.11.160.11.76;319.9
21.14.175.13.01;319.9
24.54.66.396.00;319.7
24.57.66.670.04;319.34
24.53.163.24.00;319.31
8.09.53.23.07;319.0
24.10.159.387.69;318.7
24.56.66.467.00;317.9
24.56.66.468.00;317.9
24.57.159.39.69;317.58
8.25.57.183.06;316.81
24.10.159.317.00;314.45
24.52.159.127.06;314.2
24.52.66.421.00;314.02
8.25.53.84.00;313.85
24.52.159.82.00;313.4
24.10.159.389.01;312.97
8.30.53.66.08;312.87
24.57.66.232.00;311.49
24.53.163.94.00;310.7
8.24.53.43.113;310.31
8.06.01.09.01;309.9
21.14.46.1201.06;309.9
24.50.66.712.06;309.9
8.06.04.05.07;309.9
8.25.75.49.01;309.9
24.50.66.739.00;309.8
8.30.53.29.00;309.8
8.24.53.16.18;309.79
24.69.163.29.00;309.5
24.56.159.11.00;308.98
8.24.23.53.11;306.16
8.24.53.50.00;306.02
24.54.159.36.00;306.0
8.24.53.49.00;304.92
24.69.163.36.00;304.8
24.50.66.328.11;303.7
24.56.66.528.00;303.5
24.53.163.31.00;303.31
24.50.66.395.00;303.09
8.30.57.61.69;303.07
21.14.50.1358.01;302.9
8.25.53.19.00;302.71
24.57.159.30.00;302.4
8.27.57.02.07;302.22
8.25.57.38.16;300.6
8.25.57.108.18;300.45
8.07.53.03.00;300.0
8.30.53.12.00;299.9
21.14.46.1326.06;299.9
11.21.132.22.01;299.8
6.08.07.033.16;299.8
8.24.128.04.07;299.7
24.11.159.71.00;299.4
8.13.98.09.69;299.0
24.57.159.02.10;298.98
24.53.163.51.00;298.71
8.25.01.25.06;298.6
21.14.175.10.06;297.73
24.54.66.174.01;297.4
24.54.159.68.00;296.92
24.51.66.24.00;296.2
24.70.159.10.69;295.8
8.24.57.71.03;295.41
8.26.138.83.11;294.3
24.51.159.35.57;293.78
8.30.57.06.07;292.41
24.57.159.31.00;290.4
8.24.33.01.17;290.39
21.40.50.55.00;289.9
24.55.66.02.00;289.9
8.11.160.13.76;289.9
8.30.53.61.00;289.8
8.25.01.35.01;289.7
24.55.66.541.00;289.22
8.26.138.46.57;288.8
24.54.66.294.00;288.32
8.13.98.06.69;288.21
24.50.66.713.01;287.9
21.14.46.10.18;287.9
8.24.58.53.03;287.9
8.26.138.71.16;287.86
24.71.159.26.06;287.4
24.57.159.49.10;287.4
24.56.66.609.06;286.65
21.40.46.1587.12;285.8
24.51.159.27.01;285.4
24.52.66.61.00;285.3
24.53.66.149.00;285.2
24.57.159.60.06;284.88
24.53.66.147.00;284.4
24.56.159.137.00;283.9
24.53.163.32.00;283.35
8.26.138.77.11;283.1
8.24.149.76.10;282.8
24.11.175.223.10;282.63
8.25.179.01.06;282.0
8.11.160.17.07;282.0
24.68.174.44.00;280.0
21.40.50.27.00;279.9
21.14.50.106.00;279.9
24.50.66.299.00;279.82
24.11.132.03.11;279.8
24.10.159.435.18;279.8
24.10.159.354.00;279.78
21.14.50.1159.00;279.78
8.07.54.06.01;279.72
8.24.128.02.18;279.7
24.57.159.16.00;279.37
8.25.75.43.10;279.0
24.10.159.281.00;278.8
8.25.70.31.00;278.39
8.30.53.56.00;278.0
24.52.66.429.06;277.9
8.30.53.48.00;277.9
8.30.148.77.18;277.89
24.52.66.29.10;275.8
24.10.159.96.01;275.7
24.53.163.68.00;275.68
24.53.163.170.00;275.2
24.50.66.751.04;274.8
24.55.66.542.00;274.5
8.24.24.10.00;274.41
8.25.69.03.00;274.0
8.25.57.51.01;273.48
24.71.159.34.00;273.0
8.30.57.01.00;273.0
21.14.50.496.00;272.9
24.10.159.107.00;272.68
24.11.159.108.06;272.51
24.53.66.140.00;272.3
24.56.66.586.10;272.0
8.24.23.13.18;271.93
24.55.66.96.00;271.71
24.50.66.734.00;271.35
24.11.159.54.00;271.08
8.30.57.57.69;270.9
8.27.04.08.18;270.0
24.11.175.193.01;269.9
8.27.03.02.10;269.7
24.68.174.09.00;269.7
24.53.163.186.00;269.5
24.53.66.213.00;269.12
24.70.132.07.01;268.6
24.57.66.311.11;268.4
24.10.159.93.01;268.3
21.14.50.720.00;267.9
24.10.159.104.00;267.85
24.50.66.399.00;267.6
24.56.66.163.00;266.7
8.05.03.15.07;265.9
24.57.66.59.06;265.3
24.57.66.50.00;265.3
24.57.66.57.00;265.3
8.30.33.48.69;265.2
7.10.49.12.01;265.0
24.50.66.721.01;264.9
24.56.66.53.00;264.6
24.55.66.312.00;264.37
24.50.66.154.00;264.01
24.57.66.126.00;263.7
24.70.159.16.06;262.5
24.53.163.62.00;262.3
8.25.01.38.06;261.9
21.14.50.1379.10;261.72
8.24.23.65.18;260.5
8.13.98.08.69;260.1
24.53.163.173.00;259.93
11.21.132.01.06;259.9
21.14.50.313.00;259.9
8.11.160.27.02;259.9
21.40.46.1526.16;259.9
11.21.132.04.57;259.9
24.55.66.298.00;259.9
8.25.53.113.00;259.8
8.25.23.10.07;259.7
8.30.53.64.17;258.61
8.03.169.02.06;258.51
21.14.50.834.00;257.9
24.71.159.27.01;257.4
24.11.175.10.10;256.32
24.51.159.21.00;255.56
8.24.57.64.07;255.42
8.30.53.30.00;255.3
24.52.159.27.00;254.7
24.10.159.166.00;254.2
24.54.65.02.00;252.9
21.14.50.682.00;252.9
24.52.66.316.00;252.8
24.71.159.14.01;252.6
8.30.53.38.00;251.7
8.24.23.59.57;251.19
8.13.33.08.00;251.0
8.01.71.06.07;250.18
8.05.74.01.10;250.0
24.57.66.160.00;250.0
24.11.175.218.57;249.9
8.11.160.07.02;249.9
24.50.66.733.00;249.3
24.68.174.02.00;249.24
8.03.23.06.01;249.0
8.25.92.11.01;249.0
8.30.33.60.69;249.0
24.54.159.41.00;249.0
8.24.92.57.00;248.92
8.25.57.187.18;248.76
8.25.53.25.00;248.68
24.53.66.219.00;248.6
24.57.159.46.10;248.31
8.30.148.17.00;248.27
8.11.160.26.18;247.9
8.11.160.32.07;247.9
24.68.163.33.00;247.9
24.10.159.87.00;247.2
24.50.163.03.00;245.8
24.53.163.182.00;245.8
8.24.23.33.18;244.91
8.24.53.06.00;244.6
24.11.175.217.57;242.9
24.10.159.429.08;241.88
24.10.159.11.06;240.21
8.24.57.87.69;240.0
8.25.94.11.00;239.9
21.14.50.305.00;239.9
21.14.50.300.00;239.9
21.14.175.53.01;239.8
8.01.57.04.07;239.2
24.52.159.103.00;238.94
24.71.159.29.01;238.9
8.30.57.13.69;238.63
24.68.174.46.00;238.62
8.25.94.09.17;238.0
24.10.159.365.00;238.0
8.25.57.107.07;237.9
21.66.132.72.01;237.8
24.52.66.30.06;237.8
24.11.159.28.00;237.66
24.10.159.312.00;237.3
24.57.66.131.05;236.85
24.51.159.22.00;236.08
8.30.148.08.18;236.0
8.25.57.209.18;235.96
24.50.66.778.06;235.8
21.66.132.10.00;235.7
24.53.163.180.00;235.7
24.52.159.12.00;235.7
24.57.67.57.00;234.8
8.24.53.65.00;234.29
24.57.163.04.00;232.7
21.66.132.75.06;232.7
24.50.67.03.00;232.33
8.07.23.25.10;232.0
8.25.53.53.00;231.92
8.01.74.14.07;231.0
24.53.66.71.00;230.78
24.50.66.397.00;230.21
8.24.92.08.00;229.9
21.14.50.14.00;229.9
24.53.66.141.00;229.5
8.25.57.37.18;229.0
8.24.72.51.08;229.0
24.57.67.17.00;228.8
24.50.66.223.00;228.5
24.50.66.736.00;228.3
24.53.66.215.06;227.98
21.14.46.03.07;227.9
24.50.66.503.00;227.8
24.10.159.361.07;226.68
24.11.159.51.00;226.6
24.50.66.215.05;226.6
8.24.53.33.00;226.17
25.76.175.01.00;225.6
24.10.159.231.00;225.6
24.52.159.123.20;225.5
24.53.163.140.00;224.1
24.54.66.155.00;224.08
8.24.57.75.18;223.69
24.56.159.43.06;223.33
8.24.23.62.18;223.3
24.10.159.88.01;223.25
8.25.179.02.17;222.59
24.57.159.73.04;222.4
24.53.163.34.00;221.44
8.30.148.25.00;221.01
8.25.53.24.00;220.98
8.03.04.02.01;220.9
8.25.75.03.01;220.9
24.50.66.738.00;220.8
8.25.57.04.00;220.51
8.25.47.104.57;220.5
8.25.75.11.18;220.2
8.12.01.17.06;220.19
24.10.159.451.00;220.11
8.24.92.15.00;220.11
24.53.163.33.00;219.92
8.25.70.53.18;219.9
24.11.175.183.00;219.9
24.11.175.179.01;219.9
8.24.72.102.00;219.8
8.25.53.54.00;219.1
24.52.159.133.07;219.0
24.53.163.162.00;217.95
8.30.53.71.11;216.4
21.14.46.144.08;215.8
8.24.23.55.57;215.52
24.57.66.337.06;214.8
24.57.66.287.18;214.8
24.10.159.267.00;214.5
24.10.159.456.00;214.3
24.11.159.26.01;213.7
24.56.66.531.00;213.35
24.71.159.31.18;212.9
24.56.66.353.06;212.12
8.24.53.71.07;211.9
24.11.159.119.00;211.6
24.69.163.26.00;211.01
7.10.49.11.01;211.0
24.50.67.46.00;210.81
24.10.159.399.07;210.76
8.25.57.80.18;210.53
8.25.57.85.07;210.24
24.50.66.22.00;210.2
8.30.94.12.00;209.9
24.56.66.175.00;209.9
24.68.174.51.00;209.8
8.24.149.51.18;209.5
8.24.149.48.18;209.5
24.10.159.386.00;209.13
8.25.75.13.00;209.0
24.51.132.04.01;208.7
24.56.159.99.00;208.7
8.24.57.11.18;208.43
8.24.23.56.07;208.43
8.25.53.18.00;208.4
24.54.159.63.00;208.34
24.69.163.58.01;207.9
24.10.159.402.10;207.62
24.50.66.336.00;207.04
24.52.159.79.00;206.72
8.25.01.27.06;206.5
24.54.66.86.07;205.82
8.25.57.144.06;205.8
24.68.174.13.00;205.6
8.24.57.08.18;205.5
8.25.57.203.18;205.12
24.54.159.18.00;205.08
24.10.159.89.00;204.62
24.56.66.45.00;204.36
24.10.159.31.08;204.16
24.50.163.07.00;203.7
8.25.57.17.00;203.5
24.68.163.29.00;202.9
21.14.50.52.00;202.41
8.06.39.10.07;201.58
24.56.66.52.00;201.42
24.56.159.102.00;201.3
8.05.61.10.69;200.83
8.30.170.06.76;200.68
8.24.23.57.11;200.6
24.53.163.148.00;200.4
8.24.92.54.00;199.9
8.30.92.29.69;199.9
21.14.46.102.06;199.9
8.24.128.13.18;199.9
8.30.92.30.69;199.9
8.24.128.17.11;199.9
24.69.163.72.00;199.9
8.24.128.05.07;199.8
24.54.66.408.00;199.5
24.10.159.173.06;199.0
8.25.75.73.00;199.0
8.25.75.33.00;199.0
8.30.33.61.69;199.0
24.57.66.267.11;199.0
8.25.75.34.10;199.0
24.56.159.113.01;199.0
8.03.71.16.07;199.0
8.67.57.01.11;198.55
24.53.163.63.00;198.5
8.61.130.22.07;198.49
24.51.159.23.00;198.4
24.50.66.280.18;197.9
24.10.159.103.00;197.4
24.10.159.406.00;196.77
24.51.132.08.01;196.45
24.57.163.06.00;195.8
24.56.159.55.00;195.75
8.25.75.52.18;195.42
24.10.159.416.00;195.41
24.68.174.03.00;195.34
8.09.169.01.18;195.21
8.24.72.93.00;195.0
8.30.148.74.17;195.0
24.50.66.442.00;194.9
8.25.135.01.00;194.6
24.69.163.21.00;194.43
24.54.159.60.00;194.18
24.50.66.533.00;193.9
24.54.66.424.00;193.7
24.57.66.610.00;193.7
24.68.174.07.00;192.59
24.11.159.124.06;192.4
24.68.174.11.00;192.0
8.25.69.02.00;191.93
24.10.159.343.00;191.9
24.69.163.35.00;191.82
24.50.66.224.00;191.7
8.25.57.137.69;191.67
24.11.159.120.00;190.7
24.50.66.401.00;190.7
24.53.66.159.01;190.46
24.10.159.379.01;189.95
24.10.159.367.00;189.93
24.50.66.176.00;189.9
24.11.175.186.00;189.9
24.50.66.466.00;189.9
8.25.47.31.06;189.9
8.27.03.03.18;189.8
24.54.159.20.00;189.8
8.24.53.15.18;189.8
8.24.58.34.03;189.0
8.25.53.88.00;188.9
8.25.57.155.06;188.8
24.54.66.393.00;188.6
8.25.69.31.00;188.31
21.14.175.40.18;187.9
24.50.66.62.06;187.3
24.53.66.144.00;187.3
8.03.26.03.01;187.0
24.50.66.330.00;186.91
8.25.53.86.00;186.3
24.50.67.49.00;185.8
24.54.66.176.00;185.4
24.53.163.01.00;185.34
24.53.163.45.00;185.24
24.50.67.12.00;184.8
24.56.66.529.00;184.15
24.50.66.63.06;183.0
11.21.132.23.06;182.9
21.14.50.1378.10;182.9
8.30.57.56.18;181.8
24.11.159.73.00;181.7
24.53.66.95.00;181.5
24.10.159.459.06;180.81
24.57.66.609.00;180.6
24.53.163.66.00;180.6
24.53.163.46.00;180.51
8.25.142.08.69;180.0
8.30.148.18.00;180.0
8.30.92.28.69;179.95
24.50.66.478.00;179.9
8.25.23.26.10;179.8
24.57.159.70.00;179.4
24.56.66.334.00;179.4
24.10.159.113.00;179.27
24.57.163.01.00;179.14
8.60.171.01.16;179.0
24.57.66.270.06;179.0
24.57.66.678.04;178.9
8.25.57.134.00;178.63
24.55.66.313.00;178.5
8.24.149.19.18;178.4
8.24.149.58.57;178.4
8.25.53.36.00;178.4
24.11.159.94.05;177.6
8.25.01.11.00;176.65
8.01.03.01.07;176.61
8.30.148.21.00;176.61
24.10.159.42.20;176.6
24.52.66.393.06;176.35
8.25.01.30.11;176.31
24.10.159.283.00;175.5
24.53.66.148.00;175.5
24.57.159.27.57;175.48
24.53.163.150.00;175.2
8.30.116.02.00;175.1
24.10.159.18.00;175.02
8.13.98.10.69;175.0
24.50.66.177.00;174.9
24.54.66.367.00;173.7
8.61.130.04.07;173.64
24.50.66.133.00;172.9
24.50.66.742.00;172.9
24.52.66.65.01;172.8
8.25.57.124.00;171.01
8.30.148.09.00;170.9
24.57.66.47.00;170.7
24.10.159.132.00;170.47
24.57.159.66.00;169.95
8.27.01.09.18;169.9
24.50.66.698.04;169.9
8.26.138.14.18;169.9
8.03.71.02.07;169.9
8.30.53.16.69;169.9
24.50.66.563.00;169.6
8.25.01.31.07;169.51
8.30.33.41.00;169.5
24.51.66.25.00;169.4
8.25.100.03.00;169.28
8.08.23.02.07;169.0
8.25.57.90.10;169.0
8.25.47.114.17;169.0
24.55.159.64.20;169.0
24.52.66.387.12;168.8
24.53.66.41.00;167.9
24.54.159.49.18;167.9
24.10.159.162.00;167.73
24.57.159.11.113;167.4
8.27.03.08.18;167.16
8.24.72.113.00;166.9
8.25.94.08.08;166.0
24.57.66.673.00;165.64
24.10.159.400.10;164.96
24.10.132.04.01;164.9
24.50.66.703.00;164.9
24.52.159.65.00;164.8
24.54.159.90.00;163.9
24.54.66.399.00;163.9
8.07.23.26.10;163.77
24.54.66.312.00;163.5
24.56.159.111.06;162.9
24.50.66.482.00;162.9
8.25.57.165.06;162.4
8.25.69.32.00;162.0
24.68.163.03.00;161.87
8.24.92.18.00;161.82
8.30.148.43.16;161.41
8.30.148.10.00;161.41
21.14.46.1080.07;161.4
8.25.57.25.18;160.81
8.30.53.65.07;160.4
24.50.66.754.04;159.9
8.25.53.100.00;159.8
8.24.89.01.07;159.8
24.53.163.163.00;159.6
24.57.66.580.00;159.5
24.10.159.260.01;159.27
24.10.159.348.05;159.2
8.25.47.116.07;159.0
24.56.66.404.00;158.97
24.52.66.54.00;158.6
8.25.57.138.69;158.59
8.24.23.45.62;158.4
24.10.159.334.00;158.4
8.25.57.88.00;158.04
8.24.91.06.00;158.01
24.54.66.109.00;157.9
24.69.163.16.00;155.8
21.16.46.01.00;155.6
24.53.163.151.00;155.5
8.25.57.147.16;155.38
24.69.163.83.00;155.16
24.71.159.05.01;154.9
8.11.160.09.57;154.9
24.50.67.33.00;154.9
24.54.66.339.00;154.7
24.51.159.28.06;154.7
24.55.66.257.00;154.7
24.53.163.07.00;154.4
24.52.159.18.00;154.1
24.56.66.132.00;154.0
24.69.163.55.00;153.74
24.51.159.44.00;153.4
24.10.159.03.00;153.26
24.10.159.398.18;152.96
21.63.132.13.00;152.91
8.26.138.20.113;152.91
8.26.138.25.07;152.91
8.26.138.63.18;152.91
8.26.138.32.12;152.91
8.26.138.33.12;152.9
8.30.148.58.11;152.9
24.50.66.171.04;152.9
8.26.138.26.07;152.9
8.26.138.64.18;152.9
24.54.66.368.00;152.82
8.25.57.125.10;152.7
8.25.53.30.114;151.3
24.10.159.67.06;151.0
24.51.163.01.10;150.6
8.25.70.24.00;150.1
24.53.163.152.00;150.0
8.24.92.74.00;149.9
24.50.66.708.00;149.9
8.25.69.16.00;149.7
24.52.66.341.00;149.7
24.56.159.42.06;149.6
8.24.72.122.00;149.58
8.30.57.27.69;148.9
24.52.66.109.00;148.7
24.57.66.581.00;148.7
24.53.66.150.00;148.5
8.24.57.35.18;148.25
24.52.159.13.00;148.09
8.03.01.01.27;147.9
24.55.66.117.00;147.9
8.25.57.23.18;147.8
24.57.66.233.00;147.76
24.50.66.601.00;147.42
8.25.69.21.00;147.2
24.50.66.310.18;147.15
8.24.53.85.07;146.8
8.24.53.83.69;146.8
24.53.66.13.00;146.15
24.50.66.429.00;145.8
21.66.132.76.01;145.8
24.54.66.238.00;145.8
24.53.66.96.00;145.6
24.68.174.29.00;145.4
8.25.124.12.00;145.17
24.52.159.80.00;145.0
8.11.160.12.76;144.9
21.14.50.1158.00;144.9
24.54.66.70.08;144.9
8.11.160.15.07;144.9
8.11.160.18.07;144.9
8.25.57.75.00;144.5
8.26.138.82.11;144.42
8.26.138.56.07;144.4
8.26.138.58.07;144.4
8.26.138.27.07;144.4
8.25.105.10.10;144.26
8.25.57.87.06;143.91
8.30.57.26.69;143.83
8.30.57.62.69;143.6
8.24.23.61.11;143.5
24.53.66.70.00;143.27
24.54.66.478.11;143.2
21.14.46.328.01;142.9
8.24.149.73.07;142.9
24.51.159.36.10;142.9
8.24.149.75.18;142.9
8.24.149.77.11;142.9
21.40.46.1576.06;142.9
24.53.163.172.00;142.3
8.24.57.67.18;141.9
24.56.66.93.06;141.68
8.24.92.13.00;141.48
24.53.66.210.01;140.51
24.50.67.36.00;140.47
8.13.47.18.69;139.9
8.30.148.68.11;139.9
8.27.01.08.07;139.9
8.30.148.76.18;139.9
24.50.66.313.18;139.9
24.55.66.72.04;139.8
24.50.66.728.06;139.7
24.10.159.453.10;139.5
8.25.57.21.16;139.5
8.30.57.48.10;139.41
8.30.57.65.69;139.4
8.25.105.08.06;139.1
8.24.92.77.00;139.0
8.25.70.09.00;139.0
24.53.163.185.00;138.5
8.25.69.06.00;138.0
8.30.148.16.00;138.0
8.25.57.109.11;138.0
24.71.175.09.57;137.9
24.50.66.144.00;137.9
24.52.66.397.01;137.8
24.55.159.47.20;137.72
8.25.53.95.00;137.7
8.25.69.09.00;137.0
24.10.159.236.00;136.25
8.26.138.75.16;135.92
8.26.138.78.11;135.92
24.53.163.47.00;135.6
8.24.149.59.11;135.38
24.57.66.308.00;135.28
8.25.105.12.10;135.17
8.03.71.22.10;135.15
24.68.174.06.00;135.03
21.65.132.20.06;134.9
24.50.66.292.04;134.9
24.50.66.322.04;134.9
24.56.66.603.10;134.7
24.57.159.51.10;134.1
24.71.159.12.00;133.7
24.52.159.30.00;133.41
24.50.66.690.00;132.9
24.71.175.06.01;132.9
24.71.175.07.10;132.9
24.50.66.392.00;132.8
24.57.66.683.06;132.8
24.52.66.394.01;132.8
24.57.159.41.00;132.7
24.10.159.64.00;132.6
24.52.159.128.00;132.18
8.24.58.49.00;132.09
8.24.53.31.18;131.9
8.30.53.63.11;131.6
8.25.179.04.11;131.6
8.25.179.03.18;131.6
24.10.159.426.18;130.6
8.25.105.11.16;130.29
8.25.70.35.00;130.25
8.61.130.07.11;130.02
8.30.148.62.18;129.9
8.24.70.51.18;129.9
8.25.53.103.00;129.8
8.24.57.89.18;129.44
8.30.57.78.12;129.0
24.10.159.284.00;127.8
8.24.57.65.18;127.7
24.10.159.405.10;127.7
24.10.159.237.00;127.59
24.10.159.36.00;127.38
24.50.66.145.00;127.38
8.24.23.14.02;127.1
8.08.98.09.10;127.0
8.26.138.49.57;126.7
24.10.159.432.10;126.7
24.53.163.168.00;126.63
21.16.50.05.00;126.33
8.25.85.01.00;126.14
24.50.66.779.05;125.9
24.53.163.178.00;125.8
24.50.66.430.00;125.8
8.25.53.32.114;125.25
21.40.46.1589.12;124.9
24.54.159.67.00;124.3
24.54.159.72.00;123.7
24.51.163.07.11;123.37
8.08.74.02.01;123.0
8.25.100.06.00;122.76
24.50.66.504.00;122.74
24.51.132.02.01;122.6
21.65.132.04.00;122.22
24.53.163.184.00;122.22
24.10.159.450.00;121.28
24.10.159.434.10;121.19
24.57.159.44.00;120.8
24.53.163.53.00;120.1
8.30.53.27.00;119.9
24.54.66.112.00;119.9
8.12.01.20.01;119.9
24.50.67.02.00;119.9
8.24.72.106.00;119.9
24.73.163.03.00;119.9
8.25.69.11.00;119.8
24.52.159.131.18;119.8
8.25.100.04.00;119.6
8.06.53.09.10;119.6
8.25.53.101.00;119.6
24.10.159.191.01;119.4
24.10.159.24.69;119.4
24.54.159.78.00;119.2
8.13.47.07.69;119.0
6.28.59.12.01;119.0
24.57.159.52.10;118.97
8.25.74.09.00;118.9
24.10.159.302.00;118.84
24.57.66.684.01;118.8
24.10.159.370.69;118.48
24.53.66.105.00;118.01
8.24.120.15.00;118.0
24.10.159.259.01;117.97
24.50.66.380.00;117.9
24.50.66.750.04;117.9
24.11.159.04.00;117.7
24.53.163.56.00;117.7
24.10.159.230.00;117.6
8.25.142.10.69;117.52
24.50.66.57.10;117.5
24.50.66.561.00;117.31
8.24.89.28.18;117.0
8.24.57.82.69;116.9
24.56.159.114.01;116.6
24.53.163.30.00;116.5
24.55.66.123.00;116.5
8.24.53.64.00;115.9
24.56.66.285.00;115.8
24.55.66.64.05;115.6
8.07.53.13.01;115.45
21.14.50.1127.00;115.11
21.14.175.30.57;114.9
8.24.57.70.18;114.8
24.53.66.66.00;114.5
24.68.174.34.00;114.18
8.24.89.31.18;113.9
8.30.33.34.00;113.7
24.68.163.24.00;113.14
8.27.04.05.18;112.9
24.57.67.81.00;112.9
24.10.159.30.10;112.3
24.10.159.419.00;112.11
24.55.66.183.00;112.0
24.57.163.09.00;111.9
24.57.66.729.00;111.5
8.25.57.202.07;111.26
24.10.159.355.06;111.1
24.68.174.49.00;110.42
24.10.159.397.11;110.16
8.24.58.31.07;109.9
8.24.72.79.00;109.9
24.50.66.752.04;109.9
8.24.58.07.03;109.8
24.53.66.97.00;108.6
8.25.53.77.00;108.2
24.50.67.01.00;107.9
24.53.163.181.00;107.9
24.54.159.28.06;107.8
8.24.23.60.07;107.6
24.57.159.28.18;107.6
24.54.66.110.00;107.46
24.52.159.138.00;107.4
8.24.149.34.18;107.1
8.24.149.28.07;107.1
24.54.66.103.01;107.04
8.25.57.74.07;107.01
8.24.53.86.69;106.8
24.53.66.203.00;106.5
24.10.159.219.00;106.2
24.51.159.13.00;105.94
24.10.159.427.11;105.94
24.56.66.604.10;105.8
24.50.66.689.01;105.8
24.53.66.68.00;105.8
24.53.66.157.00;105.6
24.56.66.62.00;105.35
8.25.57.115.18;105.14
8.24.53.14.07;104.9
24.57.66.666.00;104.8
24.10.159.270.00;104.8
24.56.66.65.00;104.7
24.69.163.27.00;104.7
24.54.159.94.00;104.3
8.24.57.07.07;103.68
24.57.159.12.00;102.8
24.68.174.37.00;102.52
8.25.57.122.00;102.21
24.56.159.66.00;101.4
8.25.01.29.18;101.4
24.52.159.122.20;100.8
24.69.163.48.00;100.7
8.27.03.09.10;100.42
8.24.58.45.07;99.9
8.25.75.67.10;99.9
8.24.128.01.18;99.9
24.54.66.392.00;99.9
8.25.98.05.18;99.9
8.24.72.98.00;99.9
24.70.159.13.06;99.9
8.09.35.05.00;99.9
8.30.148.06.00;99.9
8.30.57.33.69;99.9
8.30.57.70.18;99.9
8.24.72.32.00;99.9
8.25.70.06.01;99.9
8.24.72.97.00;99.9
8.11.23.06.17;99.8
24.50.66.214.05;99.8
24.52.159.134.00;99.8
8.25.57.123.00;99.26
8.13.47.22.07;99.19
8.25.113.05.10;99.0
8.24.86.06.18;99.0
8.25.75.38.00;99.0
24.51.163.08.11;98.7
24.56.159.49.00;98.6
24.10.159.411.04;98.58
8.25.57.32.07;98.25
24.53.66.160.01;98.06
8.11.04.02.10;98.0
8.24.57.88.07;98.0
24.11.175.28.10;97.9
8.24.57.54.00;97.8
24.53.163.179.00;97.8
8.24.23.25.18;97.76
8.25.47.03.11;96.9
8.24.148.02.11;96.9
24.10.159.146.00;96.9
8.25.70.10.07;96.16
8.24.53.03.00;95.9
24.53.163.176.00;95.8
24.68.163.23.00;95.8
8.24.92.58.00;95.0
8.24.128.14.11;94.96
8.25.53.87.11;94.5
8.24.57.26.07;93.9
24.10.159.358.00;93.5
24.53.163.41.00;93.4
24.68.163.26.00;92.9
24.11.159.102.00;92.9
24.54.66.239.00;92.9
8.12.98.05.00;92.82
8.24.57.27.18;92.75
24.53.66.136.00;92.69
8.24.23.63.57;92.45
8.24.92.63.00;91.95
8.25.142.20.18;91.6
8.25.98.02.00;90.9
24.52.66.187.18;90.7
8.24.72.60.16;89.9
8.24.57.16.18;89.9
24.68.174.26.00;89.9
8.27.03.01.07;89.9
24.52.159.135.00;89.81
24.52.159.115.01;89.6
24.52.159.140.00;89.6
8.25.57.72.07;89.5
24.10.159.177.01;89.4
24.57.66.611.00;89.4
24.57.66.293.05;89.4
24.52.159.101.00;89.4
24.10.159.430.10;89.4
8.24.149.57.07;89.2
8.24.149.56.07;89.2
8.24.118.23.07;89.0
8.25.75.57.10;89.0
8.25.57.132.07;89.0
8.24.57.36.07;89.0
24.69.163.18.00;88.25
24.50.67.44.00;88.11
24.50.66.558.00;87.9
24.55.159.24.20;87.8
24.54.66.351.00;87.8
24.10.159.310.00;87.8
24.71.159.39.06;87.5
8.24.53.45.00;87.39
24.53.163.71.00;87.2
8.24.57.81.69;87.0
8.24.23.44.114;86.7
24.54.159.15.05;86.2
24.11.159.20.00;86.0
24.56.66.526.00;85.78
8.25.57.204.07;85.52
24.57.66.582.00;85.3
8.30.57.71.07;85.0
8.25.69.05.00;85.0
24.50.66.501.00;84.9
8.24.72.94.00;83.61
8.03.169.03.06;83.61
24.57.66.723.00;83.57
8.25.01.32.01;83.42
24.57.159.50.10;83.24
24.52.159.38.06;82.9
24.55.66.124.00;82.9
24.50.66.400.00;82.8
24.52.159.45.00;82.8
24.53.163.35.00;82.7
24.10.159.160.01;82.6
8.24.92.16.00;82.55
8.24.92.64.00;82.35
24.71.159.23.10;82.02
8.25.70.23.00;81.75
8.25.57.105.00;81.0
24.11.159.21.11;80.7
24.10.159.95.00;80.6
24.50.67.04.00;80.28
8.24.149.69.11;80.22
8.24.86.04.11;79.9
8.24.58.43.18;79.9
8.24.53.42.18;79.9
8.25.69.22.00;79.8
24.54.66.446.00;79.8
8.25.69.17.00;79.8
24.53.163.92.00;79.8
8.25.142.19.18;79.7
8.08.98.01.07;79.0
8.50.128.02.00;79.0
8.24.47.15.07;79.0
8.25.74.08.06;79.0
8.24.92.56.00;79.0
24.68.174.25.00;78.7
24.56.66.226.00;78.7
24.53.163.183.00;78.12
24.11.159.114.00;77.9
24.51.163.04.10;77.9
24.54.66.22.00;77.9
24.54.66.44.11;77.9
24.54.66.242.00;77.9
24.10.159.222.00;77.22
8.24.149.55.18;77.2
24.10.159.129.10;76.71
24.57.66.361.00;76.41
24.11.159.53.00;76.38
8.24.57.69.07;75.86
24.10.159.123.20;75.85
24.56.66.523.00;75.8
24.11.159.19.18;75.7
24.56.159.100.00;75.7
8.25.57.66.00;75.6
8.30.94.08.00;75.0
24.11.159.96.57;74.7
24.55.159.04.20;74.58
24.10.159.381.10;74.5
24.51.132.07.06;73.8
24.53.163.74.00;73.7
24.52.159.16.00;73.6
8.24.23.17.08;73.5
8.24.23.06.18;73.4
24.53.66.11.00;72.9
24.11.159.47.00;72.9
24.54.66.391.00;72.9
8.24.23.04.02;72.1
24.10.159.282.00;72.02
8.24.57.34.18;72.0
8.25.57.117.00;71.9
8.25.57.63.07;71.6
8.13.47.10.69;71.1
8.30.148.23.00;71.0
8.24.23.71.00;70.69
24.53.163.36.00;70.67
24.10.159.409.18;70.41
24.54.66.383.00;70.37
8.30.57.09.69;70.29
24.53.163.174.00;70.0
8.24.148.01.76;69.9
8.24.47.29.07;69.9
8.24.57.55.00;69.9
24.57.66.602.00;69.8
24.53.66.12.00;69.8
24.52.66.82.00;69.8
24.57.66.63.11;69.8
8.25.88.23.18;69.8
24.68.174.24.00;69.6
24.57.66.724.00;69.5
8.24.70.01.18;69.0
8.25.01.08.06;67.98
8.26.138.40.10;67.98
8.26.138.45.57;67.98
8.26.138.36.10;67.98
24.50.67.42.00;67.9
24.10.159.299.00;67.9
24.10.159.423.07;67.8
24.53.163.44.00;67.56
8.24.47.22.18;67.01
8.26.138.39.10;67.0
8.26.138.23.07;67.0
8.24.89.10.07;67.0
8.26.138.38.10;67.0
8.26.138.66.18;67.0
8.26.138.52.06;67.0
8.24.23.26.18;66.95
8.25.57.129.10;66.2
24.57.66.394.00;65.8
24.56.66.74.04;65.8
24.53.163.60.00;65.8
8.24.57.03.70;65.7
24.55.66.66.05;65.7
8.25.71.24.18;65.01
24.71.159.15.10;64.9
24.51.163.02.11;64.9
24.53.163.139.00;64.9
24.10.159.297.06;64.86
24.10.159.420.18;64.7
8.25.57.71.00;64.45
8.30.53.62.07;64.39
24.10.159.292.00;63.92
24.57.159.56.00;63.7
24.52.159.46.00;63.7
8.24.92.19.00;63.46
8.24.70.49.07;63.12
24.10.159.275.00;62.9
24.10.132.13.06;62.75
24.10.132.11.06;62.7
8.24.149.29.11;61.67
24.57.159.45.10;61.59
24.57.66.53.06;61.38
8.24.149.70.18;61.0
24.56.159.127.00;60.9
8.25.01.28.11;60.9
8.24.23.70.11;60.09
8.24.47.14.18;59.9
8.30.53.79.07;59.9
8.25.35.54.00;59.9
8.25.47.23.10;59.9
8.25.70.26.10;59.9
8.24.72.85.00;59.9
24.53.163.88.00;59.8
8.24.47.10.18;59.8
24.51.132.01.06;59.8
24.51.159.41.00;59.8
24.55.66.35.00;59.8
8.25.142.14.11;59.8
24.10.159.445.00;59.8
8.25.69.08.00;59.78
24.68.174.17.00;59.7
24.53.163.112.00;59.7
24.57.66.329.07;59.6
24.54.159.79.00;59.6
24.54.66.175.00;59.6
24.54.163.01.00;59.6
24.52.159.81.00;59.6
24.54.66.401.00;59.6
24.10.159.377.06;59.22
8.24.125.01.00;59.0
8.30.57.76.00;59.0
8.24.53.74.07;59.0
8.24.57.79.69;58.9
8.24.23.39.16;58.5
8.25.57.136.06;58.2
8.24.57.80.69;58.0
24.10.159.212.08;57.92
21.66.132.62.00;57.9
8.24.57.74.10;57.69
24.54.159.35.00;57.6
24.11.159.113.00;56.61
24.57.66.719.00;56.4
24.53.163.59.00;55.8
8.24.72.09.08;55.63
8.25.57.104.00;55.62
24.55.159.51.20;55.6
24.10.159.368.00;55.6
8.25.01.15.18;55.5
8.25.70.27.00;55.0
8.30.57.54.69;54.9
8.24.23.37.08;54.88
24.68.174.41.00;53.73
24.11.159.38.00;53.7
8.25.57.70.07;53.7
24.54.66.428.00;53.69
24.52.66.342.00;52.9
24.10.159.140.01;52.9
24.53.163.128.00;52.9
24.51.66.16.00;52.8
24.53.163.69.00;52.8
24.53.66.111.00;52.71
8.24.72.76.00;51.51
8.30.148.19.00;51.0
8.30.148.05.00;51.0
8.30.148.27.69;51.0
8.24.72.80.00;51.0
24.52.66.338.00;50.95
24.10.159.413.05;50.7
24.51.66.23.00;50.22
24.53.163.50.00;49.96
8.24.23.68.07;49.9
24.53.163.64.00;49.9
24.57.163.10.00;49.9
24.52.159.40.00;49.9
24.55.159.17.20;49.8
24.10.159.127.08;49.8
24.68.174.45.00;49.8
24.10.159.452.00;49.8
8.25.57.24.11;49.54
8.25.57.18.00;49.43
24.56.66.484.00;49.41
8.25.57.135.06;49.4
8.09.47.12.06;49.0
8.25.86.09.18;49.0
8.24.120.19.00;49.0
8.24.70.27.07;49.0
8.24.57.57.18;48.9
8.25.57.56.00;48.84
3.04.64.01.00;48.75
8.25.01.10.01;48.62
24.10.159.05.01;48.42
8.24.58.59.03;48.0
24.56.159.138.00;47.9
24.54.66.364.00;47.9
24.68.174.08.00;47.8
8.24.23.31.07;47.6
8.25.57.210.07;47.4
8.25.57.150.69;47.33
8.24.72.67.00;47.0
8.24.72.109.00;47.0
8.24.72.108.00;47.0
8.24.57.42.18;47.0
8.30.148.33.18;47.0
8.30.148.32.76;47.0
24.57.66.286.07;46.95
24.10.159.357.08;46.8
8.24.23.46.07;45.9
24.53.163.23.00;45.9
8.12.98.04.00;45.9
24.52.159.42.00;45.88
24.51.163.09.11;45.8
8.24.57.78.03;45.8
8.24.23.27.08;45.5
8.24.23.05.18;45.4
24.53.163.58.00;45.02
8.25.57.19.00;45.0
24.69.163.30.00;44.9
24.10.159.421.18;44.9
24.53.163.90.00;44.9
24.52.159.111.00;44.9
24.53.163.55.00;44.9
8.24.57.61.00;44.9
8.25.57.53.00;44.85
24.52.159.116.02;44.7
24.52.159.102.00;44.7
24.10.159.121.00;44.7
24.10.159.414.05;44.7
24.54.159.55.08;44.7
8.24.23.16.18;44.5
8.24.23.10.07;44.4
8.25.01.33.18;44.38
24.71.159.22.01;44.14
8.30.57.30.69;44.0
24.10.159.14.00;43.94
24.50.66.528.00;43.92
24.53.163.67.00;43.9
8.25.57.67.00;43.85
8.24.23.20.07;43.71
8.24.23.09.16;43.0
24.11.159.45.11;42.9
24.53.163.04.00;42.9
8.24.149.32.18;42.0
8.24.47.26.07;41.96
24.53.163.49.00;41.81
8.25.69.24.00;40.96
24.53.66.156.00;40.95
24.11.159.50.00;40.66
24.10.159.344.00;40.5
8.25.01.26.06;40.08
8.24.23.15.18;40.02
8.25.70.48.00;40.0
24.68.174.50.00;40.0
8.24.149.25.11;39.91
8.25.57.103.00;39.9
24.53.66.60.00;39.9
24.57.66.110.04;39.9
24.54.66.406.00;39.9
24.52.159.06.00;39.9
8.61.130.15.07;39.9
8.25.70.33.00;39.9
24.10.159.73.00;39.8
24.10.159.353.00;39.8
24.10.159.149.08;39.8
24.68.174.31.00;39.8
24.54.66.107.00;39.8
24.52.159.11.18;39.8
24.10.159.226.08;39.8
24.10.132.03.01;39.8
24.52.159.15.00;39.8
24.68.159.03.10;39.8
24.57.66.489.76;39.8
24.10.159.94.00;39.8
8.24.23.40.07;39.6
8.25.86.03.07;39.5
8.30.148.28.69;39.0
8.30.92.21.00;39.0
8.24.57.53.00;39.0
8.30.148.26.11;39.0
8.25.57.128.00;39.0
8.24.47.01.07;39.0
8.30.148.13.76;39.0
8.25.47.120.18;39.0
3.05.64.01.00;38.75
24.54.159.64.00;38.72
24.57.66.718.00;38.0
24.10.159.356.00;38.0
24.53.66.74.00;37.9
24.10.159.461.07;37.9
24.56.66.50.00;37.9
24.10.159.449.10;37.8
24.53.163.111.00;37.8
24.53.66.154.00;37.79
24.10.159.380.06;37.51
24.10.159.171.00;37.4
8.25.57.48.57;37.11
8.24.70.61.17;37.0
8.30.23.04.11;37.0
8.24.70.11.17;36.78
8.25.57.91.00;36.27
24.11.159.46.07;36.18
24.50.66.727.00;36.0
24.69.163.88.00;35.99
8.25.57.69.18;35.8
8.25.57.68.07;35.8
8.25.57.76.18;35.8
24.53.66.204.00;35.7
8.25.57.86.00;35.55
8.24.118.16.11;35.0
24.50.66.394.00;34.9
24.53.163.06.00;34.9
24.10.132.07.06;34.9
24.11.159.112.00;34.9
24.10.159.255.00;34.9
8.25.88.22.07;34.9
24.53.66.73.00;34.9
8.24.92.61.00;34.8
24.54.66.105.00;34.8
8.14.110.05.18;34.71
8.24.47.27.10;34.63
8.24.23.36.18;34.6
24.52.159.136.00;34.47
24.10.132.14.01;33.9
8.24.23.28.110;33.6
8.30.57.23.69;33.0
24.55.66.36.04;32.9
24.11.159.97.57;32.9
24.54.159.50.01;32.9
8.25.47.97.03;32.85
24.53.163.110.00;32.8
24.10.159.108.00;32.44
8.24.89.30.00;32.36
24.57.163.11.00;31.9
24.51.132.06.01;31.9
8.25.119.01.00;31.9
3.03.64.02.00;31.75
8.24.23.07.08;31.7
8.24.47.21.10;31.2
8.25.75.93.00;31.0
8.25.142.13.18;30.4
24.53.66.107.00;30.15
24.54.159.73.00;29.9
8.25.142.17.16;29.9
24.50.66.513.00;29.9
24.57.159.64.00;29.9
8.25.47.99.06;29.9
24.51.132.05.06;29.9
8.25.70.50.07;29.9
8.25.86.10.07;29.9
24.68.174.23.00;29.9
24.52.159.129.00;29.9
8.25.57.01.07;29.9
24.10.159.446.00;29.9
8.25.53.27.00;29.9
24.51.159.39.00;29.9
24.71.132.03.06;29.9
24.57.66.277.16;29.8
24.10.132.06.00;29.8
24.57.163.02.00;29.8
8.25.35.04.00;29.8
8.25.53.110.11;29.7
8.25.70.47.02;29.0
8.24.120.02.00;29.0
8.24.120.10.11;29.0
24.10.159.439.00;28.49
8.25.53.107.18;28.35
8.30.57.51.18;28.2
8.25.57.118.00;28.0
8.25.53.27.95;28.0
24.53.163.141.00;27.9
24.51.66.32.00;27.9
24.53.163.20.00;27.9
24.53.163.54.00;27.9
8.24.23.22.69;27.81
8.25.106.04.07;27.81
8.25.47.44.01;27.0
24.53.163.80.00;26.72
8.24.23.38.110;26.7
8.24.23.41.07;26.7
8.24.23.19.16;26.32
8.24.23.29.16;26.22
8.24.23.11.07;26.0
8.25.142.12.69;25.9
8.25.53.64.00;25.9
8.24.23.30.07;25.7
8.25.47.08.18;25.63
8.24.57.72.11;25.18
8.24.118.18.07;25.0
24.71.132.05.06;24.9
8.30.94.09.00;24.9
24.10.159.475.08;24.9
24.50.66.402.00;24.9
24.53.66.145.00;24.9
24.10.159.403.10;24.9
8.24.57.48.11;24.68
8.24.57.19.18;24.0
8.24.23.24.02;23.7
8.24.92.90.16;23.0
24.53.163.134.00;22.9
8.25.57.36.07;22.9
24.51.159.20.00;22.9
24.53.163.38.00;22.9
8.25.57.09.00;22.0
8.25.86.15.00;21.0
8.27.03.07.07;19.9
24.56.159.35.00;19.9
8.25.57.98.00;19.9
24.68.159.01.20;19.9
8.25.70.46.00;19.9
24.54.66.106.00;19.9
24.71.132.02.01;19.9
8.25.142.16.01;19.9
8.25.57.64.18;19.9
8.09.03.95.10;19.9
24.68.174.42.00;19.9
8.25.57.139.06;19.9
8.25.57.151.07;19.0
24.10.159.349.00;19.0
8.25.57.73.18;17.9
8.25.57.84.18;17.9
24.53.163.78.00;17.9
24.55.159.13.60;17.86
8.24.23.34.02;17.8
8.11.47.12.47;17.41
8.24.70.29.07;16.49
8.25.47.95.71;16.45
8.25.57.111.11;16.42
8.14.110.04.11;16.2
24.10.159.136.01;16.06
8.25.57.152.69;15.87
8.24.23.08.110;15.7
8.25.57.45.00;15.0
8.25.57.171.00;15.0
8.24.57.39.07;15.0
8.25.57.146.05;15.0
24.10.159.407.10;14.9
24.10.159.457.08;14.9
24.54.66.483.00;14.9
24.57.66.362.00;14.9
24.10.159.261.01;14.9
24.53.66.138.00;14.9
24.10.159.257.08;14.9
24.10.159.362.10;14.9
24.50.66.396.00;14.9
24.56.159.82.01;14.9
24.68.174.22.00;14.9
24.52.159.24.00;14.4
8.25.86.07.07;14.0
8.25.86.04.18;14.0
8.25.70.13.10;13.5
8.24.23.21.07;13.32
8.25.70.12.18;13.0
8.24.57.10.07;13.0
8.24.23.35.18;11.9
8.25.47.58.18;11.12
8.30.57.14.00;11.0
8.25.57.12.00;11.0
8.25.18.02.18;10.95
24.10.159.290.08;10.11
8.25.53.17.00;10.0
8.25.70.03.00;8.95
24.57.159.48.10;8.73
24.10.159.408.01;8.36
8.25.92.06.10;1.0
